Rk,Player,Age,Team,Pos,G,GS,Tgt,Rec,Yds,Y/R,TD,1D,Succ%,Lng,R/G,Y/G,Ctch%,Y/Tgt,Att,Yds.1,TD.1,1D.1,Succ%.1,Lng.1,Y/A,Y/G.1,A/G,Touch,Y/Tch,YScm,RRTD,Fmb,Awards
1.0,Josh Jacobs,24.0,LVR,RB,17.0,17.0,64.0,53.0,400.0,7.5,0.0,16.0,50.0,43.0,3.1,23.5,82.8,6.3,340.0,1653.0,12.0,93.0,57.4,86.0,4.9,97.2,20.0,393.0,5.2,2053.0,12.0,3.0,PBAP-1AP OPoY-5
2.0,Derrick Henry,28.0,TEN,RB,16.0,16.0,41.0,33.0,398.0,12.1,0.0,11.0,61.0,69.0,2.1,24.9,80.5,9.7,349.0,1538.0,13.0,65.0,46.7,56.0,4.4,96.1,21.8,382.0,5.1,1936.0,13.0,6.0,PBAP MVP-9AP OPoY-12AP CPoY-9
3.0,Christian McCaffrey,26.0,2TM,RB,17.0,16.0,108.0,85.0,741.0,8.7,5.0,36.0,52.8,49.0,5.0,43.6,78.7,6.9,244.0,1139.0,8.0,59.0,48.4,49.0,4.7,67.0,14.4,329.0,5.7,1880.0,13.0,1.0,PBAP OPoY-7AP CPoY-2
3.0,Christian McCaffrey,26.0,CAR,RB,6.0,6.0,43.0,33.0,277.0,8.4,1.0,10.0,41.9,49.0,5.5,46.2,76.7,6.4,85.0,393.0,2.0,20.0,49.4,49.0,4.6,65.5,14.2,118.0,5.7,670.0,3.0,0.0,
3.0,Christian McCaffrey,26.0,SFO,RB,11.0,10.0,65.0,52.0,464.0,8.9,4.0,26.0,60.0,38.0,4.7,42.2,80.0,7.1,159.0,746.0,6.0,39.0,47.8,38.0,4.7,67.8,14.5,211.0,5.7,1210.0,10.0,1.0,
4.0,Justin Jefferson,23.0,MIN,WR,17.0,17.0,184.0,128.0,1809.0,14.1,8.0,80.0,57.6,64.0,7.5,106.4,69.6,9.8,4.0,24.0,1.0,2.0,75.0,10.0,6.0,1.4,0.2,132.0,13.9,1833.0,9.0,0.0,PBAP-1AP MVP-5AP OPoY-1
5.0,Nick Chubb,27.0,CLE,RB,17.0,17.0,37.0,27.0,239.0,8.9,1.0,12.0,51.4,26.0,1.6,14.1,73.0,6.5,302.0,1525.0,12.0,69.0,50.0,41.0,5.0,89.7,17.8,329.0,5.4,1764.0,13.0,1.0,PBAP-2
6.0,Tyreek Hill,28.0,MIA,WR,17.0,17.0,170.0,119.0,1710.0,14.4,7.0,77.0,56.5,64.0,7.0,100.6,70.0,10.1,7.0,32.0,1.0,3.0,57.1,10.0,4.6,1.9,0.4,126.0,13.8,1742.0,8.0,1.0,PBAP-1AP MVP-9AP OPoY-4
7.0,Saquon Barkley,25.0,NYG,RB,16.0,16.0,76.0,57.0,338.0,5.9,0.0,10.0,38.2,41.0,3.6,21.1,75.0,4.4,295.0,1312.0,10.0,62.0,47.5,68.0,4.4,82.0,18.4,352.0,4.7,1650.0,10.0,1.0,PBAP CPoY-3
8.0,Austin Ekeler,27.0,LAC,RB,17.0,17.0,127.0,107.0,722.0,6.7,5.0,36.0,48.0,23.0,6.3,42.5,84.3,5.7,204.0,915.0,13.0,46.0,48.0,72.0,4.5,53.8,12.0,311.0,5.3,1637.0,18.0,5.0,AP OPoY-9
9.0,Aaron Jones,28.0,GNB,RB,17.0,17.0,72.0,59.0,395.0,6.7,5.0,19.0,44.4,30.0,3.5,23.2,81.9,5.5,213.0,1121.0,2.0,54.0,54.9,36.0,5.3,65.9,12.5,272.0,5.6,1516.0,7.0,5.0,
10.0,Davante Adams,30.0,LVR,WR,17.0,17.0,180.0,100.0,1516.0,15.2,14.0,65.0,46.1,60.0,5.9,89.2,55.6,8.4,3.0,-1.0,0.0,0.0,0.0,4.0,-0.3,-0.1,0.2,103.0,14.7,1515.0,14.0,1.0,PBAP-1
11.0,A.J. Brown,25.0,PHI,WR,17.0,16.0,145.0,88.0,1496.0,17.0,11.0,59.0,51.7,78.0,5.2,88.0,60.7,10.3,0.0,0.0,0.0,0.0,,,,0.0,0.0,88.0,17.0,1496.0,11.0,2.0,PBAP-2AP MVP-9AP OPoY-11
12.0,Dalvin Cook,27.0,MIN,RB,17.0,17.0,56.0,39.0,295.0,7.6,2.0,16.0,41.1,64.0,2.3,17.4,69.6,5.3,264.0,1173.0,8.0,50.0,47.3,81.0,4.4,69.0,15.5,303.0,4.8,1468.0,10.0,4.0,PB
13.0,Rhamondre Stevenson,24.0,NWE,RB,17.0,7.0,88.0,69.0,421.0,6.1,1.0,13.0,39.8,40.0,4.1,24.8,78.4,4.8,210.0,1040.0,5.0,49.0,45.7,49.0,5.0,61.2,12.4,279.0,5.2,1461.0,6.0,4.0,
14.0,Travis Etienne,23.0,JAX,RB,17.0,12.0,45.0,35.0,316.0,9.0,0.0,16.0,44.4,30.0,2.1,18.6,77.8,7.0,220.0,1125.0,5.0,52.0,50.9,62.0,5.1,66.2,12.9,255.0,5.7,1441.0,5.0,5.0,
15.0,Stefon Diggs,29.0,BUF,WR,16.0,16.0,154.0,108.0,1429.0,13.2,11.0,74.0,64.3,53.0,6.8,89.3,70.1,9.3,1.0,-3.0,0.0,0.0,0.0,-3.0,-3.0,-0.2,0.1,109.0,13.1,1426.0,11.0,1.0,PBAP-2
16.0,CeeDee Lamb,23.0,DAL,WR,17.0,17.0,156.0,107.0,1359.0,12.7,9.0,67.0,55.1,39.0,6.3,79.9,68.6,8.7,10.0,47.0,0.0,3.0,50.0,14.0,4.7,2.8,0.6,117.0,12.0,1406.0,9.0,0.0,PBAP-2
17.0,Alvin Kamara,27.0,NOR,RB,15.0,13.0,77.0,57.0,490.0,8.6,2.0,17.0,46.8,54.0,3.8,32.7,74.0,6.4,223.0,897.0,2.0,40.0,52.0,27.0,4.0,59.8,14.9,280.0,5.0,1387.0,4.0,4.0,
18.0,Jaylen Waddle,24.0,MIA,WR,17.0,17.0,117.0,75.0,1356.0,18.1,8.0,60.0,54.7,84.0,4.4,79.8,64.1,11.6,3.0,26.0,0.0,0.0,100.0,9.0,8.7,1.5,0.2,78.0,17.7,1382.0,8.0,1.0,
19.0,Tony Pollard,25.0,DAL,RB,16.0,4.0,55.0,39.0,371.0,9.5,3.0,18.0,47.3,68.0,2.4,23.2,70.9,6.7,193.0,1007.0,9.0,46.0,47.7,57.0,5.2,62.9,12.1,232.0,5.9,1378.0,12.0,0.0,PB
20.0,Miles Sanders,25.0,PHI,RB,17.0,15.0,26.0,20.0,78.0,3.9,0.0,2.0,46.2,16.0,1.2,4.6,76.9,3.0,259.0,1269.0,11.0,62.0,56.8,40.0,4.9,74.6,15.2,279.0,4.8,1347.0,11.0,2.0,PB
21.0,Travis Kelce,33.0,KAN,TE,17.0,17.0,152.0,110.0,1338.0,12.2,12.0,78.0,63.2,52.0,6.5,78.7,72.4,8.8,2.0,5.0,0.0,1.0,100.0,4.0,2.5,0.3,0.1,112.0,12.0,1343.0,12.0,1.0,PBAP-1AP OPoY-6
22.0,Najee Harris,24.0,PIT,RB,17.0,17.0,53.0,41.0,229.0,5.6,3.0,16.0,49.1,19.0,2.4,13.5,77.4,4.3,272.0,1034.0,7.0,45.0,46.0,36.0,3.8,60.8,16.0,313.0,4.0,1263.0,10.0,3.0,
23.0,Amon-Ra St. Brown,23.0,DET,WR,16.0,16.0,146.0,106.0,1161.0,11.0,6.0,68.0,62.3,49.0,6.6,72.6,72.6,8.0,9.0,95.0,0.0,3.0,55.6,58.0,10.6,5.9,0.6,115.0,10.9,1256.0,6.0,0.0,PB
24.0,Joe Mixon,26.0,CIN,RB,14.0,14.0,75.0,60.0,441.0,7.4,2.0,17.0,50.7,35.0,4.3,31.5,80.0,5.9,210.0,814.0,7.0,47.0,52.4,40.0,3.9,58.1,15.0,270.0,4.6,1255.0,9.0,0.0,
25.0,Terry McLaurin,27.0,WAS,WR,17.0,17.0,120.0,77.0,1191.0,15.5,5.0,56.0,55.0,52.0,4.5,70.1,64.2,9.9,7.0,29.0,0.0,2.0,71.4,12.0,4.1,1.7,0.4,84.0,14.5,1220.0,5.0,1.0,PB
26.0,Kenneth Walker III,22.0,SEA,RB,15.0,11.0,35.0,27.0,165.0,6.1,0.0,6.0,37.1,33.0,1.8,11.0,77.1,4.7,228.0,1050.0,9.0,51.0,39.9,74.0,4.6,70.0,15.2,255.0,4.8,1215.0,9.0,0.0,AP ORoY-2
27.0,DeVonta Smith,24.0,PHI,WR,17.0,17.0,136.0,95.0,1196.0,12.6,7.0,57.0,54.4,45.0,5.6,70.4,69.9,8.8,0.0,0.0,0.0,0.0,,,,0.0,0.0,95.0,12.6,1196.0,7.0,1.0,
28.0,Leonard Fournette,27.0,TAM,RB,16.0,9.0,83.0,73.0,523.0,7.2,3.0,26.0,55.4,44.0,4.6,32.7,88.0,6.3,189.0,668.0,3.0,39.0,49.2,23.0,3.5,41.8,11.8,262.0,4.5,1191.0,6.0,0.0,
29.0,Tyler Allgeier,22.0,ATL,RB,16.0,7.0,17.0,16.0,139.0,8.7,1.0,8.0,58.8,26.0,1.0,8.7,94.1,8.2,210.0,1035.0,3.0,53.0,51.9,44.0,4.9,64.7,13.1,226.0,5.2,1174.0,4.0,0.0,AP ORoY-5
30.0,Amari Cooper,28.0,CLE,WR,17.0,17.0,132.0,78.0,1160.0,14.9,9.0,61.0,53.0,55.0,4.6,68.2,59.1,8.8,0.0,0.0,0.0,0.0,,,,0.0,0.0,78.0,14.9,1160.0,9.0,0.0,
31.0,Justin Fields,23.0,CHI,QB,15.0,15.0,0.0,0.0,0.0,,0.0,0.0,,,0.0,0.0,,,160.0,1143.0,8.0,65.0,56.3,67.0,7.1,76.2,10.7,160.0,7.1,1143.0,8.0,16.0,AP MVP-9
32.0,Jamaal Williams,27.0,DET,RB,17.0,9.0,16.0,12.0,73.0,6.1,0.0,4.0,37.5,17.0,0.7,4.3,75.0,4.6,262.0,1066.0,17.0,65.0,53.1,58.0,4.1,62.7,15.4,274.0,4.2,1139.0,17.0,3.0,
33.0,Mike Evans,29.0,TAM,WR,15.0,15.0,127.0,77.0,1124.0,14.6,6.0,53.0,54.3,63.0,5.1,74.9,60.6,8.9,0.0,0.0,0.0,0.0,,,,0.0,0.0,77.0,14.6,1124.0,6.0,0.0,
34.0,Christian Kirk,26.0,JAX,WR,17.0,17.0,133.0,84.0,1108.0,13.2,8.0,55.0,52.6,49.0,4.9,65.2,63.2,8.3,5.0,11.0,0.0,0.0,60.0,5.0,2.2,0.6,0.3,89.0,12.6,1119.0,8.0,1.0,
35.0,David Montgomery,25.0,CHI,RB,16.0,16.0,40.0,34.0,316.0,9.3,1.0,10.0,50.0,32.0,2.1,19.8,85.0,7.9,201.0,801.0,5.0,41.0,44.8,28.0,4.0,50.1,12.6,235.0,4.8,1117.0,6.0,2.0,
36.0,Garrett Wilson,22.0,NYJ,WR,17.0,12.0,147.0,83.0,1103.0,13.3,4.0,56.0,47.6,60.0,4.9,64.9,56.5,7.5,4.0,4.0,0.0,0.0,25.0,7.0,1.0,0.2,0.2,87.0,12.7,1107.0,4.0,2.0,AP ORoY-1
37.0,Dameon Pierce,22.0,HOU,RB,13.0,13.0,39.0,30.0,165.0,5.5,1.0,7.0,43.6,16.0,2.3,12.7,76.9,4.2,220.0,939.0,4.0,54.0,47.7,75.0,4.3,72.2,16.9,250.0,4.4,1104.0,5.0,4.0,AP ORoY-9
38.0,Devin Singletary,25.0,BUF,RB,16.0,16.0,52.0,38.0,280.0,7.4,1.0,15.0,53.8,22.0,2.4,17.5,73.1,5.4,177.0,819.0,5.0,43.0,52.5,33.0,4.6,51.2,11.1,215.0,5.1,1099.0,6.0,3.0,
39.0,Raheem Mostert,30.0,MIA,RB,16.0,14.0,42.0,31.0,202.0,6.5,2.0,11.0,47.6,25.0,1.9,12.6,73.8,4.8,181.0,891.0,3.0,44.0,55.2,67.0,4.9,55.7,11.3,212.0,5.2,1093.0,5.0,1.0,
40.0,James Conner,27.0,ARI,RB,13.0,13.0,58.0,46.0,300.0,6.5,1.0,13.0,44.8,22.0,3.5,23.1,79.3,5.2,183.0,782.0,7.0,48.0,55.2,23.0,4.3,60.2,14.1,229.0,4.7,1082.0,8.0,3.0,
41.0,Ja'Marr Chase,22.0,CIN,WR,12.0,12.0,134.0,87.0,1046.0,12.0,9.0,58.0,55.2,60.0,7.3,87.2,64.9,7.8,5.0,8.0,0.0,0.0,20.0,6.0,1.6,0.7,0.4,92.0,11.5,1054.0,9.0,2.0,PB
42.0,D.K. Metcalf,25.0,SEA,WR,17.0,17.0,141.0,90.0,1048.0,11.6,6.0,47.0,49.6,54.0,5.3,61.6,63.8,7.4,0.0,0.0,0.0,0.0,,,,0.0,0.0,90.0,11.6,1048.0,6.0,2.0,
43.0,Jeff Wilson,27.0,2TM,RB,16.0,7.0,37.0,22.0,185.0,8.4,1.0,7.0,35.1,16.0,1.4,11.6,59.5,5.0,176.0,860.0,5.0,43.0,50.0,41.0,4.9,53.8,11.0,198.0,5.3,1045.0,6.0,3.0,
43.0,Jeff Wilson,27.0,SFO,RB,8.0,6.0,13.0,10.0,91.0,9.1,0.0,3.0,46.2,16.0,1.3,11.4,76.9,7.0,92.0,468.0,2.0,22.0,52.2,41.0,5.1,58.5,11.5,102.0,5.5,559.0,2.0,2.0,
43.0,Jeff Wilson,27.0,MIA,RB,8.0,1.0,24.0,12.0,94.0,7.8,1.0,4.0,29.2,14.0,1.5,11.8,50.0,3.9,84.0,392.0,3.0,21.0,47.6,28.0,4.7,49.0,10.5,96.0,5.1,486.0,4.0,1.0,
44.0,Chris Olave,22.0,NOR,WR,15.0,9.0,119.0,72.0,1042.0,14.5,4.0,48.0,53.8,53.0,4.8,69.5,60.5,8.8,0.0,0.0,0.0,0.0,,,,0.0,0.0,72.0,14.5,1042.0,4.0,2.0,AP ORoY-4
45.0,Brandon Aiyuk,24.0,SFO,WR,17.0,17.0,114.0,78.0,1015.0,13.0,8.0,47.0,59.6,54.0,4.6,59.7,68.4,8.9,2.0,23.0,0.0,1.0,100.0,16.0,11.5,1.4,0.1,80.0,13.0,1038.0,8.0,1.0,
46.0,Tyler Lockett,30.0,SEA,WR,16.0,16.0,117.0,84.0,1033.0,12.3,9.0,50.0,60.7,40.0,5.3,64.6,71.8,8.8,0.0,0.0,0.0,0.0,,,,0.0,0.0,84.0,12.3,1033.0,9.0,2.0,
47.0,Tee Higgins,23.0,CIN,WR,16.0,14.0,109.0,74.0,1029.0,13.9,7.0,47.0,59.6,59.0,4.6,64.3,67.9,9.4,0.0,0.0,0.0,0.0,,,,0.0,0.0,74.0,13.9,1029.0,7.0,0.0,
48.0,Chris Godwin,26.0,TAM,WR,15.0,13.0,142.0,104.0,1023.0,9.8,3.0,53.0,60.6,44.0,6.9,68.2,73.2,7.2,3.0,5.0,0.0,0.0,0.0,2.0,1.7,0.3,0.2,107.0,9.6,1028.0,3.0,2.0,AP CPoY-7
49.0,Jerry Jeudy,23.0,DEN,WR,15.0,14.0,100.0,67.0,972.0,14.5,6.0,41.0,52.0,67.0,4.5,64.8,67.0,9.7,4.0,40.0,0.0,4.0,100.0,14.0,10.0,2.7,0.3,71.0,14.3,1012.0,6.0,0.0,
50.0,Jonathan Taylor,23.0,IND,RB,11.0,11.0,40.0,28.0,143.0,5.1,0.0,4.0,32.5,19.0,2.5,13.0,70.0,3.6,192.0,861.0,4.0,39.0,48.4,66.0,4.5,78.3,17.5,220.0,4.6,1004.0,4.0,3.0,
51.0,AJ Dillon,24.0,GNB,RB,17.0,3.0,43.0,28.0,206.0,7.4,0.0,9.0,39.5,17.0,1.6,12.1,65.1,4.8,186.0,770.0,7.0,47.0,56.5,27.0,4.1,45.3,10.9,214.0,4.6,976.0,7.0,1.0,
52.0,Ezekiel Elliott,27.0,DAL,RB,15.0,14.0,23.0,17.0,92.0,5.4,0.0,4.0,39.1,31.0,1.1,6.1,73.9,4.0,231.0,876.0,12.0,52.0,47.6,27.0,3.8,58.4,15.4,248.0,3.9,968.0,12.0,0.0,
53.0,Isiah Pacheco,23.0,KAN,RB,17.0,11.0,14.0,13.0,130.0,10.0,0.0,7.0,64.3,32.0,0.8,7.6,92.9,9.3,170.0,830.0,5.0,37.0,57.1,31.0,4.9,48.8,10.0,183.0,5.2,960.0,5.0,4.0,AP ORoY-10
54.0,Michael Pittman Jr.,25.0,IND,WR,16.0,16.0,141.0,99.0,925.0,9.3,4.0,51.0,53.9,28.0,6.2,57.8,70.2,6.6,3.0,30.0,0.0,2.0,66.7,19.0,10.0,1.9,0.2,102.0,9.4,955.0,4.0,2.0,
55.0,D.J. Moore,25.0,CAR,WR,17.0,17.0,118.0,63.0,888.0,14.1,7.0,44.0,43.2,62.0,3.7,52.2,53.4,7.5,10.0,53.0,0.0,3.0,80.0,11.0,5.3,3.1,0.6,73.0,12.9,941.0,7.0,0.0,
56.0,D'Onta Foreman,26.0,CAR,RB,17.0,9.0,9.0,5.0,26.0,5.2,0.0,1.0,22.2,23.0,0.3,1.5,55.6,2.9,203.0,914.0,5.0,45.0,48.8,60.0,4.5,53.8,11.9,208.0,4.5,940.0,5.0,1.0,
57.0,JuJu Smith-Schuster,26.0,KAN,WR,16.0,14.0,101.0,78.0,933.0,12.0,3.0,47.0,67.3,53.0,4.9,58.3,77.2,9.2,0.0,0.0,0.0,0.0,,,,0.0,0.0,78.0,12.0,933.0,3.0,3.0,
58.0,D'Andre Swift,23.0,DET,RB,14.0,8.0,70.0,48.0,389.0,8.1,3.0,17.0,38.6,25.0,3.4,27.8,68.6,5.6,99.0,542.0,5.0,21.0,47.5,50.0,5.5,38.7,7.1,147.0,6.3,931.0,8.0,1.0,
59.0,T.J. Hockenson,25.0,2TM,TE,17.0,14.0,129.0,86.0,914.0,10.6,6.0,44.0,47.3,81.0,5.1,53.8,66.7,7.1,0.0,0.0,0.0,0.0,,,,0.0,0.0,86.0,10.6,914.0,6.0,1.0,PB
59.0,T.J. Hockenson,25.0,DET,TE,7.0,7.0,43.0,26.0,395.0,15.2,3.0,17.0,48.8,81.0,3.7,56.4,60.5,9.2,0.0,0.0,0.0,0.0,,,,0.0,0.0,26.0,15.2,395.0,3.0,0.0,
59.0,T.J. Hockenson,25.0,MIN,TE,10.0,7.0,86.0,60.0,519.0,8.7,3.0,27.0,46.5,21.0,6.0,51.9,69.8,6.0,0.0,0.0,0.0,0.0,,,,0.0,0.0,60.0,8.7,519.0,3.0,1.0,
60.0,Diontae Johnson,26.0,PIT,WR,17.0,17.0,147.0,86.0,882.0,10.3,0.0,45.0,49.0,37.0,5.1,51.9,58.5,6.0,7.0,25.0,0.0,1.0,28.6,8.0,3.6,1.5,0.4,93.0,9.8,907.0,0.0,1.0,
61.0,Cam Akers,23.0,LAR,RB,15.0,9.0,18.0,13.0,117.0,9.0,0.0,8.0,50.0,18.0,0.9,7.8,72.2,6.5,188.0,786.0,7.0,39.0,52.7,42.0,4.2,52.4,12.5,201.0,4.5,903.0,7.0,2.0,
62.0,Antonio Gibson,24.0,WAS,RB,15.0,6.0,58.0,46.0,353.0,7.7,2.0,18.0,46.6,26.0,3.1,23.5,79.3,6.1,149.0,546.0,3.0,32.0,49.7,20.0,3.7,36.4,9.9,195.0,4.6,899.0,5.0,1.0,
63.0,Mike Williams,28.0,LAC,WR,13.0,13.0,93.0,63.0,895.0,14.2,4.0,39.0,59.1,55.0,4.8,68.8,67.7,9.6,0.0,0.0,0.0,0.0,,,,0.0,0.0,63.0,14.2,895.0,4.0,0.0,
64.0,Latavius Murray,32.0,2TM,RB,13.0,7.0,35.0,27.0,132.0,4.9,0.0,4.0,25.7,15.0,2.1,10.2,77.1,3.8,171.0,760.0,6.0,44.0,53.8,52.0,4.4,58.5,13.2,198.0,4.5,892.0,6.0,1.0,
64.0,Latavius Murray,32.0,NOR,RB,1.0,0.0,1.0,1.0,8.0,8.0,0.0,0.0,100.0,8.0,1.0,8.0,100.0,8.0,11.0,57.0,1.0,4.0,81.8,10.0,5.2,57.0,11.0,12.0,5.4,65.0,1.0,0.0,
64.0,Latavius Murray,32.0,DEN,RB,12.0,7.0,34.0,26.0,124.0,4.8,0.0,4.0,23.5,15.0,2.2,10.3,76.5,3.6,160.0,703.0,5.0,40.0,51.9,52.0,4.4,58.6,13.3,186.0,4.4,827.0,5.0,1.0,
65.0,Drake London,21.0,ATL,WR,17.0,15.0,117.0,72.0,866.0,12.0,4.0,48.0,56.4,40.0,4.2,50.9,61.5,7.4,0.0,0.0,0.0,0.0,,,,0.0,0.0,72.0,12.0,866.0,4.0,3.0,
66.0,Cooper Kupp,29.0,LAR,WR,9.0,9.0,98.0,75.0,812.0,10.8,6.0,42.0,62.2,75.0,8.3,90.2,76.5,8.3,9.0,52.0,1.0,4.0,66.7,20.0,5.8,5.8,1.0,84.0,10.3,864.0,7.0,2.0,
67.0,Deebo Samuel,26.0,SFO,WR,13.0,12.0,94.0,56.0,632.0,11.3,2.0,25.0,47.9,57.0,4.3,48.6,59.6,6.7,42.0,232.0,3.0,8.0,40.5,51.0,5.5,17.8,3.2,98.0,8.8,864.0,5.0,3.0,
68.0,Brian Robinson Jr.,23.0,WAS,RB,12.0,9.0,12.0,9.0,60.0,6.7,1.0,3.0,50.0,18.0,0.8,5.0,75.0,5.0,205.0,797.0,2.0,49.0,52.7,24.0,3.9,66.4,17.1,214.0,4.0,857.0,3.0,2.0,
69.0,Mark Andrews,27.0,BAL,TE,15.0,15.0,113.0,73.0,847.0,11.6,5.0,48.0,56.6,36.0,4.9,56.5,64.6,7.5,3.0,8.0,0.0,3.0,100.0,4.0,2.7,0.5,0.2,76.0,11.3,855.0,5.0,1.0,PB
70.0,Curtis Samuel,26.0,WAS,WR,17.0,12.0,92.0,64.0,656.0,10.3,4.0,36.0,46.7,49.0,3.8,38.6,69.6,7.1,38.0,187.0,1.0,11.0,44.7,21.0,4.9,11.0,2.2,102.0,8.3,843.0,5.0,1.0,
71.0,Zay Jones,27.0,JAX,WR,16.0,15.0,121.0,82.0,823.0,10.0,5.0,44.0,54.5,59.0,5.1,51.4,67.8,6.8,4.0,18.0,0.0,1.0,50.0,14.0,4.5,1.1,0.3,86.0,9.8,841.0,5.0,0.0,
72.0,Donovan Peoples-Jones,23.0,CLE,WR,17.0,14.0,96.0,61.0,839.0,13.8,3.0,33.0,50.0,42.0,3.6,49.4,63.5,8.7,1.0,2.0,0.0,0.0,0.0,2.0,2.0,0.1,0.1,62.0,13.6,841.0,3.0,1.0,
73.0,Gabriel Davis,23.0,BUF,WR,15.0,15.0,93.0,48.0,836.0,17.4,7.0,35.0,51.6,98.0,3.2,55.7,51.6,9.0,0.0,0.0,0.0,0.0,,,,0.0,0.0,48.0,17.4,836.0,7.0,1.0,
74.0,Courtland Sutton,27.0,DEN,WR,15.0,15.0,109.0,64.0,829.0,13.0,2.0,38.0,46.8,51.0,4.3,55.3,58.7,7.6,1.0,5.0,0.0,0.0,100.0,5.0,5.0,0.3,0.1,65.0,12.8,834.0,2.0,0.0,
75.0,George Pickens,21.0,PIT,WR,17.0,12.0,84.0,52.0,801.0,15.4,4.0,38.0,48.8,42.0,3.1,47.1,61.9,9.5,3.0,24.0,1.0,2.0,66.7,22.0,8.0,1.4,0.2,55.0,15.0,825.0,5.0,0.0,
76.0,Cordarrelle Patterson,31.0,ATL,RB,13.0,11.0,31.0,21.0,122.0,5.8,0.0,6.0,38.7,16.0,1.6,9.4,67.7,3.9,144.0,695.0,8.0,39.0,60.4,40.0,4.8,53.5,11.1,165.0,5.0,817.0,8.0,1.0,
77.0,Jerick McKinnon,30.0,KAN,RB,17.0,0.0,71.0,56.0,512.0,9.1,9.0,28.0,54.9,56.0,3.3,30.1,78.9,7.2,72.0,291.0,1.0,12.0,45.8,30.0,4.0,17.1,4.2,128.0,6.3,803.0,10.0,1.0,AP CPoY-12
78.0,Jakobi Meyers,26.0,NWE,WR,14.0,13.0,96.0,67.0,804.0,12.0,6.0,38.0,56.3,48.0,4.8,57.4,69.8,8.4,2.0,-11.0,0.0,2.0,100.0,7.0,-5.5,-0.8,0.1,69.0,11.5,793.0,6.0,2.0,
79.0,Khalil Herbert,24.0,CHI,RB,13.0,1.0,12.0,9.0,57.0,6.3,1.0,2.0,16.7,25.0,0.7,4.4,75.0,4.8,129.0,731.0,4.0,26.0,47.3,63.0,5.7,56.2,9.9,138.0,5.7,788.0,5.0,0.0,
80.0,Allen Lazard,27.0,GNB,WR,15.0,15.0,100.0,60.0,788.0,13.1,6.0,45.0,55.0,47.0,4.0,52.5,60.0,7.9,2.0,0.0,0.0,0.0,0.0,,0.0,0.0,0.1,62.0,12.7,788.0,6.0,0.0,
81.0,Evan Engram,28.0,JAX,TE,17.0,14.0,98.0,73.0,766.0,10.5,4.0,33.0,55.1,36.0,4.3,45.1,74.5,7.8,2.0,13.0,0.0,1.0,50.0,13.0,6.5,0.8,0.1,75.0,10.4,779.0,4.0,0.0,
82.0,Josh Palmer,23.0,LAC,WR,16.0,11.0,107.0,72.0,769.0,10.7,3.0,39.0,55.1,50.0,4.5,48.1,67.3,7.2,1.0,4.0,0.0,1.0,100.0,4.0,4.0,0.3,0.1,73.0,10.6,773.0,3.0,1.0,
83.0,Rachaad White,23.0,TAM,RB,17.0,8.0,58.0,50.0,290.0,5.8,2.0,13.0,53.4,20.0,2.9,17.1,86.2,5.0,129.0,481.0,1.0,27.0,49.6,35.0,3.7,28.3,7.6,179.0,4.3,771.0,3.0,3.0,
84.0,George Kittle,29.0,SFO,TE,15.0,15.0,86.0,60.0,765.0,12.8,11.0,36.0,58.1,54.0,4.0,51.0,69.8,8.9,0.0,0.0,0.0,0.0,,,,0.0,0.0,60.0,12.8,765.0,11.0,1.0,PBAP-2
85.0,Lamar Jackson,25.0,BAL,QB,12.0,12.0,0.0,0.0,0.0,,0.0,0.0,,,0.0,0.0,,,112.0,764.0,3.0,47.0,64.3,79.0,6.8,63.7,9.3,112.0,6.8,764.0,3.0,5.0,
86.0,Josh Allen,26.0,BUF,QB,16.0,16.0,0.0,0.0,0.0,,0.0,0.0,,,0.0,0.0,,,124.0,762.0,7.0,55.0,61.3,44.0,6.1,47.6,7.8,124.0,6.1,762.0,7.0,13.0,PBAP MVP-3AP OPoY-8
87.0,Tyler Boyd,28.0,CIN,WR,16.0,14.0,82.0,58.0,762.0,13.1,5.0,42.0,62.2,60.0,3.6,47.6,70.7,9.3,0.0,0.0,0.0,0.0,,,,0.0,0.0,58.0,13.1,762.0,5.0,0.0,
88.0,Keenan Allen,30.0,LAC,WR,10.0,10.0,89.0,66.0,752.0,11.4,4.0,39.0,56.2,46.0,6.6,75.2,74.2,8.4,1.0,8.0,0.0,1.0,100.0,8.0,8.0,0.8,0.1,67.0,11.3,760.0,4.0,1.0,
89.0,Jalen Hurts,24.0,PHI,QB,15.0,15.0,0.0,0.0,0.0,,0.0,0.0,,,0.0,0.0,,,165.0,760.0,13.0,67.0,59.4,42.0,4.6,50.7,11.0,165.0,4.6,760.0,13.0,9.0,PBAP-2AP MVP-2AP OPoY-3
90.0,Pat Freiermuth,24.0,PIT,TE,16.0,8.0,98.0,63.0,732.0,11.6,2.0,37.0,53.1,57.0,3.9,45.8,64.3,7.5,0.0,0.0,0.0,0.0,,,,0.0,0.0,63.0,11.6,732.0,2.0,0.0,
91.0,Mack Hollins,29.0,LVR,WR,17.0,16.0,94.0,57.0,690.0,12.1,4.0,34.0,51.1,60.0,3.4,40.6,60.6,7.3,4.0,40.0,0.0,2.0,75.0,17.0,10.0,2.4,0.2,61.0,12.0,730.0,4.0,0.0,
92.0,Darius Slayton,25.0,NYG,WR,16.0,11.0,71.0,46.0,724.0,15.7,2.0,30.0,57.7,55.0,2.9,45.3,64.8,10.2,0.0,0.0,0.0,0.0,,,,0.0,0.0,46.0,15.7,724.0,2.0,2.0,
93.0,Adam Thielen,32.0,MIN,WR,17.0,17.0,107.0,70.0,716.0,10.2,6.0,45.0,49.5,36.0,4.1,42.1,65.4,6.7,1.0,4.0,0.0,0.0,100.0,4.0,4.0,0.2,0.1,71.0,10.1,720.0,6.0,0.0,
94.0,DeAndre Hopkins,30.0,ARI,WR,9.0,9.0,96.0,64.0,717.0,11.2,3.0,35.0,54.2,33.0,7.1,79.7,66.7,7.5,0.0,0.0,0.0,0.0,,,,0.0,0.0,64.0,11.2,717.0,3.0,2.0,
95.0,Marquise Brown,25.0,ARI,WR,12.0,10.0,107.0,67.0,709.0,10.6,3.0,33.0,44.9,47.0,5.6,59.1,62.6,6.6,1.0,1.0,0.0,0.0,0.0,1.0,1.0,0.1,0.1,68.0,10.4,710.0,3.0,1.0,
96.0,Daniel Jones,25.0,NYG,QB,16.0,16.0,0.0,0.0,0.0,,0.0,0.0,,,0.0,0.0,,,120.0,708.0,7.0,57.0,59.2,25.0,5.9,44.3,7.5,120.0,5.9,708.0,7.0,6.0,AP CPoY-11
97.0,Brandin Cooks,29.0,HOU,WR,13.0,13.0,93.0,57.0,699.0,12.3,3.0,29.0,47.3,44.0,4.4,53.8,61.3,7.5,2.0,7.0,0.0,0.0,50.0,5.0,3.5,0.5,0.2,59.0,12.0,706.0,3.0,0.0,
98.0,Dallas Goedert,27.0,PHI,TE,12.0,12.0,69.0,55.0,702.0,12.8,3.0,40.0,69.6,31.0,4.6,58.5,79.7,10.2,0.0,0.0,0.0,0.0,,,,0.0,0.0,55.0,12.8,702.0,3.0,1.0,
99.0,Christian Watson,23.0,GNB,WR,14.0,11.0,66.0,41.0,611.0,14.9,7.0,28.0,50.0,63.0,2.9,43.6,62.1,9.3,7.0,80.0,2.0,2.0,71.4,46.0,11.4,5.7,0.5,48.0,14.4,691.0,9.0,0.0,AP ORoY-7
100.0,Michael Carter,23.0,NYJ,RB,16.0,10.0,54.0,41.0,288.0,7.0,0.0,12.0,46.3,37.0,2.6,18.0,75.9,5.3,114.0,402.0,3.0,14.0,42.1,25.0,3.5,25.1,7.1,155.0,4.5,690.0,3.0,2.0,
101.0,James Cook,23.0,BUF,RB,16.0,0.0,32.0,21.0,180.0,8.6,1.0,5.0,46.9,41.0,1.3,11.3,65.6,5.6,89.0,507.0,2.0,25.0,50.6,33.0,5.7,31.7,5.6,110.0,6.2,687.0,3.0,1.0,
102.0,Marquez Valdes-Scantling,28.0,KAN,WR,17.0,11.0,81.0,42.0,687.0,16.4,2.0,32.0,48.1,57.0,2.5,40.4,51.9,8.5,1.0,-3.0,0.0,0.0,0.0,-3.0,-3.0,-0.2,0.1,43.0,15.9,684.0,2.0,0.0,
103.0,Parris Campbell,25.0,IND,WR,17.0,16.0,91.0,63.0,623.0,9.9,3.0,32.0,54.9,49.0,3.7,36.6,69.2,6.8,5.0,58.0,0.0,2.0,40.0,28.0,11.6,3.4,0.3,68.0,10.0,681.0,3.0,1.0,
104.0,Breece Hall,21.0,NYJ,RB,7.0,2.0,31.0,19.0,218.0,11.5,1.0,8.0,35.5,79.0,2.7,31.1,61.3,7.0,80.0,463.0,4.0,20.0,50.0,62.0,5.8,66.1,11.4,99.0,6.9,681.0,5.0,1.0,
105.0,Samaje Perine,27.0,CIN,RB,16.0,2.0,51.0,38.0,287.0,7.6,4.0,11.0,41.2,32.0,2.4,17.9,74.5,5.6,95.0,394.0,2.0,19.0,49.5,29.0,4.1,24.6,5.9,133.0,5.1,681.0,6.0,0.0,
106.0,Kareem Hunt,27.0,CLE,RB,17.0,0.0,44.0,35.0,210.0,6.0,1.0,11.0,38.6,24.0,2.1,12.4,79.5,4.8,123.0,468.0,3.0,30.0,48.0,24.0,3.8,27.5,7.2,158.0,4.3,678.0,4.0,1.0,
107.0,K.J. Osborn,25.0,MIN,WR,17.0,9.0,90.0,60.0,650.0,10.8,5.0,32.0,58.9,66.0,3.5,38.2,66.7,7.2,3.0,6.0,0.0,2.0,66.7,5.0,2.0,0.4,0.2,63.0,10.4,656.0,5.0,1.0,
108.0,Taysom Hill,32.0,NOR,TE/QB,16.0,8.0,13.0,9.0,77.0,8.6,2.0,5.0,46.2,30.0,0.6,4.8,69.2,5.9,96.0,575.0,7.0,34.0,55.2,60.0,6.0,35.9,6.0,105.0,6.2,652.0,9.0,2.0,
109.0,Kalif Raymond,28.0,DET,WR,17.0,7.0,64.0,47.0,616.0,13.1,0.0,24.0,56.3,56.0,2.8,36.2,73.4,9.6,7.0,36.0,0.0,4.0,71.4,12.0,5.1,2.1,0.4,54.0,12.1,652.0,0.0,3.0,AP-2
110.0,Chuba Hubbard,23.0,CAR,RB,15.0,2.0,17.0,14.0,171.0,12.2,0.0,5.0,47.1,45.0,0.9,11.4,82.4,10.1,95.0,466.0,2.0,23.0,45.3,35.0,4.9,31.1,6.3,109.0,5.8,637.0,2.0,2.0,
111.0,Tyler Higbee,29.0,LAR,TE,17.0,17.0,108.0,72.0,620.0,8.6,3.0,32.0,51.9,26.0,4.2,36.5,66.7,5.7,0.0,0.0,0.0,0.0,,,,0.0,0.0,72.0,8.6,620.0,3.0,0.0,
112.0,David Njoku,26.0,CLE,TE,14.0,14.0,80.0,58.0,628.0,10.8,4.0,36.0,61.3,38.0,4.1,44.9,72.5,7.9,2.0,-8.0,0.0,0.0,0.0,-2.0,-4.0,-0.6,0.1,60.0,10.3,620.0,4.0,1.0,
113.0,Alec Pierce,22.0,IND,WR,16.0,12.0,78.0,41.0,593.0,14.5,2.0,28.0,46.2,47.0,2.6,37.1,52.6,7.6,0.0,0.0,0.0,0.0,,,,0.0,0.0,41.0,14.5,593.0,2.0,1.0,
114.0,Jaylen Warren,24.0,PIT,RB,16.0,0.0,33.0,28.0,214.0,7.6,0.0,14.0,51.5,26.0,1.8,13.4,84.8,6.5,77.0,379.0,1.0,20.0,53.2,31.0,4.9,23.7,4.8,105.0,5.6,593.0,1.0,1.0,
115.0,Dalton Schultz,26.0,DAL,TE,15.0,15.0,89.0,57.0,577.0,10.1,5.0,27.0,55.1,30.0,3.8,38.5,64.0,6.5,0.0,0.0,0.0,0.0,,,,0.0,0.0,57.0,10.1,577.0,5.0,1.0,
116.0,Richie James,27.0,NYG,WR,17.0,4.0,70.0,57.0,569.0,10.0,4.0,29.0,61.4,33.0,3.4,33.5,81.4,8.1,2.0,6.0,0.0,0.0,50.0,4.0,3.0,0.4,0.1,59.0,9.7,575.0,4.0,3.0,
117.0,Kenyan Drake,28.0,BAL,RB,12.0,5.0,26.0,17.0,89.0,5.2,1.0,7.0,34.6,15.0,1.4,7.4,65.4,3.4,109.0,482.0,4.0,21.0,45.0,40.0,4.4,40.2,9.1,126.0,4.5,571.0,5.0,1.0,
118.0,J.K. Dobbins,24.0,BAL,RB,8.0,8.0,8.0,7.0,42.0,6.0,1.0,3.0,62.5,20.0,0.9,5.3,87.5,5.3,92.0,520.0,2.0,26.0,57.6,44.0,5.7,65.0,11.5,99.0,5.7,562.0,3.0,0.0,
119.0,Damien Harris,25.0,NWE,RB,11.0,9.0,23.0,17.0,97.0,5.7,0.0,4.0,43.5,15.0,1.5,8.8,73.9,4.2,106.0,462.0,3.0,23.0,50.0,30.0,4.4,42.0,9.6,123.0,4.5,559.0,3.0,0.0,
120.0,Noah Brown,26.0,DAL,WR,16.0,13.0,74.0,43.0,555.0,12.9,3.0,25.0,48.6,51.0,2.7,34.7,58.1,7.5,0.0,0.0,0.0,0.0,,,,0.0,0.0,43.0,12.9,555.0,3.0,1.0,
121.0,Tyler Conklin,27.0,NYJ,TE,17.0,16.0,87.0,58.0,552.0,9.5,3.0,25.0,44.8,30.0,3.4,32.5,66.7,6.3,2.0,3.0,0.0,2.0,100.0,2.0,1.5,0.2,0.1,60.0,9.3,555.0,3.0,2.0,
122.0,Gerald Everett,28.0,LAC,TE,16.0,11.0,87.0,58.0,555.0,9.6,4.0,29.0,48.3,26.0,3.6,34.7,66.7,6.4,1.0,0.0,0.0,0.0,0.0,,0.0,0.0,0.1,59.0,9.4,555.0,4.0,0.0,
123.0,Cole Kmet,23.0,CHI,TE,17.0,17.0,69.0,50.0,544.0,10.9,7.0,27.0,59.4,50.0,2.9,32.0,72.5,7.9,2.0,9.0,0.0,1.0,100.0,8.0,4.5,0.5,0.1,52.0,10.6,553.0,7.0,1.0,
124.0,Chris Moore,29.0,HOU,WR,16.0,7.0,74.0,48.0,548.0,11.4,2.0,24.0,47.3,52.0,3.0,34.3,64.9,7.4,3.0,3.0,0.0,0.0,0.0,3.0,1.0,0.2,0.2,51.0,10.8,551.0,2.0,0.0,
125.0,Rashid Shaheed,24.0,NOR,WR,12.0,6.0,34.0,28.0,488.0,17.4,2.0,18.0,70.6,68.0,2.3,40.7,82.4,14.4,4.0,57.0,1.0,2.0,75.0,44.0,14.3,4.8,0.3,32.0,17.0,545.0,3.0,1.0,
126.0,Melvin Gordon,29.0,DEN,RB,10.0,6.0,32.0,25.0,223.0,8.9,0.0,11.0,46.9,24.0,2.5,22.3,78.1,7.0,90.0,318.0,2.0,15.0,50.0,17.0,3.5,31.8,9.0,115.0,4.7,541.0,2.0,5.0,
127.0,Olamide Zaccheaus,25.0,ATL,WR,17.0,13.0,61.0,40.0,533.0,13.3,3.0,25.0,52.5,45.0,2.4,31.4,65.6,8.7,2.0,7.0,0.0,1.0,50.0,13.0,3.5,0.4,0.1,42.0,12.9,540.0,3.0,1.0,
128.0,DeVante Parker,29.0,NWE,WR,13.0,11.0,47.0,31.0,539.0,17.4,3.0,25.0,59.6,43.0,2.4,41.5,66.0,11.5,0.0,0.0,0.0,0.0,,,,0.0,0.0,31.0,17.4,539.0,3.0,0.0,
129.0,Corey Davis,27.0,NYJ,WR,13.0,10.0,64.0,32.0,536.0,16.8,2.0,28.0,48.4,66.0,2.5,41.2,50.0,8.4,0.0,0.0,0.0,0.0,,,,0.0,0.0,32.0,16.8,536.0,2.0,0.0,
130.0,Marvin Jones,32.0,JAX,WR,16.0,10.0,81.0,46.0,529.0,11.5,3.0,29.0,51.9,37.0,2.9,33.1,56.8,6.5,0.0,0.0,0.0,0.0,,,,0.0,0.0,46.0,11.5,529.0,3.0,0.0,
131.0,Robert Woods,30.0,TEN,WR,17.0,15.0,91.0,53.0,527.0,9.9,2.0,31.0,50.5,41.0,3.1,31.0,58.2,5.8,0.0,0.0,0.0,0.0,,,,0.0,0.0,53.0,9.9,527.0,2.0,1.0,
132.0,DeAndre Carter,29.0,LAC,WR,17.0,7.0,65.0,46.0,538.0,11.7,3.0,29.0,53.8,35.0,2.7,31.6,70.8,8.3,2.0,-15.0,0.0,0.0,0.0,-5.0,-7.5,-0.9,0.1,48.0,10.9,523.0,3.0,3.0,
133.0,Dawson Knox,26.0,BUF,TE,15.0,15.0,65.0,48.0,517.0,10.8,6.0,25.0,60.0,45.0,3.2,34.5,73.8,8.0,0.0,0.0,0.0,0.0,,,,0.0,0.0,48.0,10.8,517.0,6.0,0.0,PB
134.0,Jahan Dotson,22.0,WAS,WR,12.0,10.0,61.0,35.0,523.0,14.9,7.0,26.0,50.8,61.0,2.9,43.6,57.4,8.6,2.0,-7.0,0.0,0.0,0.0,3.0,-3.5,-0.6,0.2,37.0,13.9,516.0,7.0,0.0,
135.0,Greg Dortch,24.0,ARI,WR,16.0,4.0,64.0,52.0,467.0,9.0,2.0,19.0,46.9,47.0,3.3,29.2,81.3,7.3,7.0,44.0,0.0,3.0,71.4,20.0,6.3,2.8,0.4,59.0,8.7,511.0,2.0,1.0,
136.0,Chase Claypool,24.0,2TM,WR,15.0,11.0,79.0,46.0,451.0,9.8,1.0,24.0,46.8,31.0,3.1,30.1,58.2,5.7,9.0,59.0,0.0,3.0,44.4,15.0,6.6,3.9,0.6,55.0,9.3,510.0,1.0,1.0,
136.0,Chase Claypool,24.0,PIT,WR,8.0,8.0,50.0,32.0,311.0,9.7,1.0,17.0,54.0,26.0,4.0,38.9,64.0,6.2,8.0,55.0,0.0,3.0,37.5,15.0,6.9,6.9,1.0,40.0,9.2,366.0,1.0,0.0,
136.0,Chase Claypool,24.0,CHI,WR,7.0,3.0,29.0,14.0,140.0,10.0,0.0,7.0,34.5,31.0,2.0,20.0,48.3,4.8,1.0,4.0,0.0,0.0,100.0,4.0,4.0,0.6,0.1,15.0,9.6,144.0,0.0,1.0,
137.0,Hunter Henry,28.0,NWE,TE,17.0,14.0,59.0,41.0,509.0,12.4,2.0,23.0,50.8,39.0,2.4,29.9,69.5,8.6,0.0,0.0,0.0,0.0,,,,0.0,0.0,41.0,12.4,509.0,2.0,0.0,
138.0,Juwan Johnson,26.0,NOR,TE,16.0,12.0,65.0,42.0,508.0,12.1,7.0,25.0,52.3,41.0,2.6,31.8,64.6,7.8,0.0,0.0,0.0,0.0,,,,0.0,0.0,42.0,12.1,508.0,7.0,0.0,
139.0,Eno Benjamin,23.0,3TM,RB,15.0,3.0,34.0,25.0,193.0,7.7,0.0,10.0,44.1,22.0,1.7,12.9,73.5,5.7,77.0,313.0,2.0,14.0,46.8,45.0,4.1,20.9,5.1,102.0,5.0,506.0,2.0,0.0,
139.0,Eno Benjamin,23.0,ARI,RB,10.0,3.0,33.0,24.0,184.0,7.7,0.0,10.0,45.5,22.0,2.4,18.4,72.7,5.6,70.0,299.0,2.0,14.0,48.6,45.0,4.3,29.9,7.0,94.0,5.1,483.0,2.0,0.0,
139.0,Eno Benjamin,23.0,HOU,RB,2.0,0.0,0.0,0.0,0.0,,0.0,0.0,,,0.0,0.0,,,3.0,1.0,0.0,0.0,33.3,4.0,0.3,0.5,1.5,3.0,0.3,1.0,0.0,0.0,
139.0,Eno Benjamin,23.0,NOR,RB,3.0,0.0,1.0,1.0,9.0,9.0,0.0,0.0,0.0,9.0,0.3,3.0,100.0,9.0,4.0,13.0,0.0,0.0,25.0,8.0,3.3,4.3,1.3,5.0,4.4,22.0,0.0,0.0,
140.0,DJ Chark,26.0,DET,WR,11.0,10.0,52.0,30.0,502.0,16.7,3.0,24.0,51.9,51.0,2.7,45.6,57.7,9.7,0.0,0.0,0.0,0.0,,,,0.0,0.0,30.0,16.7,502.0,3.0,0.0,
141.0,Jordan Akins,30.0,HOU,TE,15.0,3.0,54.0,37.0,495.0,13.4,5.0,23.0,53.7,46.0,2.5,33.0,68.5,9.2,0.0,0.0,0.0,0.0,,,,0.0,0.0,37.0,13.4,495.0,5.0,1.0,
142.0,Darnell Mooney,25.0,CHI,WR,12.0,12.0,61.0,40.0,493.0,12.3,2.0,20.0,45.9,56.0,3.3,41.1,65.6,8.1,1.0,2.0,0.0,0.0,0.0,2.0,2.0,0.2,0.1,41.0,12.1,495.0,2.0,0.0,
143.0,Zack Moss,25.0,2TM,RB,13.0,3.0,13.0,11.0,39.0,3.5,0.0,2.0,38.5,8.0,0.8,3.0,84.6,3.0,93.0,456.0,1.0,18.0,47.3,43.0,4.9,35.1,7.2,104.0,4.8,495.0,1.0,1.0,
143.0,Zack Moss,25.0,BUF,RB,5.0,0.0,8.0,7.0,27.0,3.9,0.0,1.0,37.5,8.0,1.4,5.4,87.5,3.4,17.0,91.0,0.0,3.0,35.3,43.0,5.4,18.2,3.4,24.0,4.9,118.0,0.0,1.0,
143.0,Zack Moss,25.0,IND,RB,8.0,3.0,5.0,4.0,12.0,3.0,0.0,1.0,40.0,5.0,0.5,1.5,80.0,2.4,76.0,365.0,1.0,15.0,50.0,34.0,4.8,45.6,9.5,80.0,4.7,377.0,1.0,0.0,
144.0,Treylon Burks,22.0,TEN,WR,11.0,6.0,54.0,33.0,444.0,13.5,1.0,19.0,50.0,51.0,3.0,40.4,61.1,8.2,4.0,47.0,0.0,3.0,100.0,20.0,11.8,4.3,0.4,37.0,13.3,491.0,1.0,0.0,
145.0,Devin Duvernay,25.0,BAL,WR,14.0,13.0,49.0,37.0,407.0,11.0,3.0,19.0,59.2,31.0,2.6,29.1,75.5,8.3,12.0,84.0,1.0,7.0,66.7,18.0,7.0,6.0,0.9,49.0,10.0,491.0,4.0,1.0,PB
146.0,Terrace Marshall Jr.,22.0,CAR,WR,14.0,9.0,47.0,28.0,490.0,17.5,1.0,24.0,53.2,43.0,2.0,35.0,59.6,10.4,0.0,0.0,0.0,0.0,,,,0.0,0.0,28.0,17.5,490.0,1.0,2.0,
147.0,Noah Fant,25.0,SEA,TE,17.0,16.0,63.0,50.0,486.0,9.7,4.0,24.0,54.0,51.0,2.9,28.6,79.4,7.7,0.0,0.0,0.0,0.0,,,,0.0,0.0,50.0,9.7,486.0,4.0,0.0,
148.0,Nico Collins,23.0,HOU,WR,10.0,7.0,66.0,37.0,481.0,13.0,2.0,21.0,42.4,58.0,3.7,48.1,56.1,7.3,0.0,0.0,0.0,0.0,,,,0.0,0.0,37.0,13.0,481.0,2.0,0.0,
149.0,Josh Reynolds,27.0,DET,WR,14.0,11.0,59.0,38.0,479.0,12.6,3.0,25.0,61.0,31.0,2.7,34.2,64.4,8.1,0.0,0.0,0.0,0.0,,,,0.0,0.0,38.0,12.6,479.0,3.0,0.0,
150.0,Isaiah McKenzie,27.0,BUF,WR,15.0,8.0,65.0,42.0,423.0,10.1,4.0,27.0,58.5,30.0,2.8,28.2,64.6,6.5,9.0,55.0,1.0,3.0,66.7,18.0,6.1,3.7,0.6,51.0,9.4,478.0,5.0,0.0,
151.0,James Robinson,24.0,2TM,RB,11.0,5.0,14.0,11.0,51.0,4.6,2.0,5.0,50.0,10.0,1.0,4.6,78.6,3.6,110.0,425.0,3.0,22.0,35.5,50.0,3.9,38.6,10.0,121.0,3.9,476.0,5.0,1.0,
151.0,James Robinson,24.0,JAX,RB,7.0,5.0,11.0,9.0,46.0,5.1,1.0,4.0,54.5,10.0,1.3,6.6,81.8,4.2,81.0,340.0,3.0,18.0,37.0,50.0,4.2,48.6,11.6,90.0,4.3,386.0,4.0,1.0,
151.0,James Robinson,24.0,NYJ,RB,4.0,0.0,3.0,2.0,5.0,2.5,1.0,1.0,33.3,7.0,0.5,1.3,66.7,1.7,29.0,85.0,0.0,4.0,31.0,16.0,2.9,21.3,7.3,31.0,2.9,90.0,1.0,0.0,
152.0,Kendrick Bourne,27.0,NWE,WR,16.0,2.0,48.0,35.0,434.0,12.4,1.0,22.0,54.2,41.0,2.2,27.1,72.9,9.0,6.0,39.0,0.0,2.0,33.3,29.0,6.5,2.4,0.4,41.0,11.5,473.0,1.0,2.0,
153.0,Robert Tonyan,28.0,GNB,TE,17.0,3.0,67.0,53.0,470.0,8.9,2.0,20.0,53.7,24.0,3.1,27.6,79.1,7.0,0.0,0.0,0.0,0.0,,,,0.0,0.0,53.0,8.9,470.0,2.0,0.0,
154.0,Demarcus Robinson,28.0,BAL,WR,17.0,5.0,75.0,48.0,458.0,9.5,2.0,23.0,46.7,31.0,2.8,26.9,64.0,6.1,0.0,0.0,0.0,0.0,,,,0.0,0.0,48.0,9.5,458.0,2.0,2.0,
155.0,Clyde Edwards-Helaire,23.0,KAN,RB,10.0,6.0,23.0,17.0,151.0,8.9,3.0,11.0,60.9,25.0,1.7,15.1,73.9,6.6,71.0,302.0,3.0,15.0,49.3,52.0,4.3,30.2,7.1,88.0,5.1,453.0,6.0,0.0,
156.0,Chigoziem Okonkwo,23.0,TEN,TE,17.0,8.0,46.0,32.0,450.0,14.1,3.0,22.0,50.0,48.0,1.9,26.5,69.6,9.8,3.0,2.0,0.0,0.0,0.0,6.0,0.7,0.1,0.2,35.0,12.9,452.0,3.0,0.0,
157.0,Elijah Moore,22.0,NYJ,WR,16.0,9.0,65.0,37.0,446.0,12.1,1.0,22.0,44.6,42.0,2.3,27.9,56.9,6.9,5.0,5.0,0.0,2.0,40.0,10.0,1.0,0.3,0.3,42.0,10.7,451.0,1.0,1.0,
158.0,Deon Jackson,23.0,IND,RB,16.0,2.0,34.0,30.0,209.0,7.0,1.0,10.0,47.1,27.0,1.9,13.1,88.2,6.1,68.0,236.0,1.0,13.0,38.2,17.0,3.5,14.8,4.3,98.0,4.5,445.0,2.0,1.0,
159.0,Austin Hooper,28.0,TEN,TE,17.0,2.0,60.0,41.0,444.0,10.8,2.0,28.0,60.0,24.0,2.4,26.1,68.3,7.4,0.0,0.0,0.0,0.0,,,,0.0,0.0,41.0,10.8,444.0,2.0,0.0,
160.0,Marcus Mariota,29.0,ATL,QB,13.0,13.0,0.0,0.0,0.0,,0.0,0.0,,,0.0,0.0,,,85.0,438.0,4.0,30.0,57.6,30.0,5.2,33.7,6.5,85.0,5.2,438.0,4.0,8.0,
161.0,Romeo Doubs,22.0,GNB,WR,13.0,7.0,67.0,42.0,425.0,10.1,3.0,20.0,46.3,26.0,3.2,32.7,62.7,6.3,1.0,11.0,0.0,1.0,100.0,11.0,11.0,0.8,0.1,43.0,10.1,436.0,3.0,2.0,
162.0,Gus Edwards,27.0,BAL,RB,9.0,4.0,2.0,0.0,0.0,,0.0,0.0,0.0,,0.0,0.0,0.0,0.0,87.0,433.0,3.0,30.0,59.8,37.0,5.0,48.1,9.7,87.0,5.0,433.0,3.0,1.0,
163.0,Russell Gage,26.0,TAM,WR,13.0,4.0,70.0,51.0,426.0,8.4,5.0,31.0,62.9,23.0,3.9,32.8,72.9,6.1,0.0,0.0,0.0,0.0,,,,0.0,0.0,51.0,8.4,426.0,5.0,1.0,
164.0,Michael Gallup,26.0,DAL,WR,14.0,11.0,74.0,39.0,424.0,10.9,4.0,25.0,44.6,27.0,2.8,30.3,52.7,5.7,0.0,0.0,0.0,0.0,,,,0.0,0.0,39.0,10.9,424.0,4.0,0.0,
165.0,Foster Moreau,25.0,LVR,TE,15.0,14.0,54.0,33.0,420.0,12.7,2.0,24.0,51.9,33.0,2.2,28.0,61.1,7.8,0.0,2.0,0.0,0.0,,,,0.1,0.0,33.0,12.8,422.0,2.0,1.0,
166.0,Kyler Murray,25.0,ARI,QB,11.0,11.0,0.0,0.0,0.0,,0.0,0.0,,,0.0,0.0,,,67.0,418.0,3.0,23.0,61.2,42.0,6.2,38.0,6.1,67.0,6.2,418.0,3.0,8.0,
167.0,Randall Cobb,32.0,GNB,WR,13.0,3.0,50.0,34.0,417.0,12.3,1.0,19.0,56.0,40.0,2.6,32.1,68.0,8.3,0.0,0.0,0.0,0.0,,,,0.0,0.0,34.0,12.3,417.0,1.0,1.0,
168.0,Trent Sherfield,26.0,MIA,WR,17.0,4.0,51.0,30.0,417.0,13.9,2.0,18.0,45.1,75.0,1.8,24.5,58.8,8.2,0.0,0.0,0.0,0.0,,,,0.0,0.0,30.0,13.9,417.0,2.0,0.0,
169.0,Jauan Jennings,25.0,SFO,WR,16.0,4.0,56.0,35.0,416.0,11.9,1.0,23.0,55.4,44.0,2.2,26.0,62.5,7.4,0.0,0.0,0.0,0.0,,,,0.0,0.0,35.0,11.9,416.0,1.0,1.0,
170.0,Hayden Hurst,29.0,CIN,TE,13.0,13.0,68.0,52.0,414.0,8.0,2.0,26.0,61.8,29.0,4.0,31.8,76.5,6.1,0.0,0.0,0.0,0.0,,,,0.0,0.0,52.0,8.0,414.0,2.0,0.0,
171.0,Greg Dulcich,22.0,DEN,TE,10.0,6.0,55.0,33.0,411.0,12.5,2.0,18.0,50.9,39.0,3.3,41.1,60.0,7.5,0.0,0.0,0.0,0.0,,,,0.0,0.0,33.0,12.5,411.0,2.0,0.0,
172.0,Kenneth Gainwell,23.0,PHI,RB,17.0,0.0,29.0,23.0,169.0,7.3,0.0,7.0,41.4,20.0,1.4,9.9,79.3,5.8,53.0,240.0,4.0,17.0,62.3,13.0,4.5,14.1,3.1,76.0,5.4,409.0,4.0,0.0,
173.0,Rondale Moore,22.0,ARI,WR,8.0,8.0,56.0,41.0,414.0,10.1,1.0,16.0,46.4,38.0,5.1,51.8,73.2,7.4,6.0,-5.0,0.0,1.0,16.7,9.0,-0.8,-0.6,0.8,47.0,8.7,409.0,1.0,0.0,
174.0,Zach Ertz,32.0,ARI,TE,10.0,10.0,69.0,47.0,406.0,8.6,4.0,24.0,55.1,32.0,4.7,40.6,68.1,5.9,0.0,0.0,0.0,0.0,,,,0.0,0.0,47.0,8.6,406.0,4.0,0.0,
175.0,Chase Edmonds,26.0,2TM,RB,13.0,3.0,24.0,16.0,157.0,9.8,1.0,7.0,41.7,27.0,1.2,12.1,66.7,6.5,68.0,245.0,2.0,8.0,42.6,28.0,3.6,18.8,5.2,84.0,4.8,402.0,3.0,0.0,
175.0,Chase Edmonds,26.0,MIA,RB,8.0,2.0,17.0,10.0,96.0,9.6,1.0,4.0,41.2,15.0,1.3,12.0,58.8,5.6,42.0,120.0,2.0,6.0,40.5,28.0,2.9,15.0,5.3,52.0,4.2,216.0,3.0,0.0,
175.0,Chase Edmonds,26.0,DEN,RB,5.0,1.0,7.0,6.0,61.0,10.2,0.0,3.0,42.9,27.0,1.2,12.2,85.7,8.7,26.0,125.0,0.0,2.0,46.2,25.0,4.8,25.0,5.2,32.0,5.8,186.0,0.0,0.0,
176.0,Zonovan Knight,21.0,NYJ,RB,7.0,4.0,14.0,13.0,100.0,7.7,0.0,5.0,71.4,16.0,1.9,14.3,92.9,7.1,85.0,300.0,1.0,14.0,38.8,48.0,3.5,42.9,12.1,98.0,4.1,400.0,1.0,2.0,
177.0,Nick Westbrook-Ikhine,25.0,TEN,WR,17.0,13.0,50.0,25.0,397.0,15.9,3.0,18.0,40.0,63.0,1.5,23.4,50.0,7.9,0.0,0.0,0.0,0.0,,,,0.0,0.0,25.0,15.9,397.0,3.0,0.0,
178.0,Ben Skowronek,25.0,LAR,WR,14.0,11.0,61.0,39.0,376.0,9.6,0.0,16.0,49.2,32.0,2.8,26.9,63.9,6.2,1.0,17.0,1.0,1.0,100.0,17.0,17.0,1.2,0.1,40.0,9.8,393.0,1.0,0.0,
179.0,Marquise Goodwin,32.0,SEA,WR,13.0,2.0,42.0,27.0,387.0,14.3,4.0,18.0,54.8,38.0,2.1,29.8,64.3,9.2,2.0,5.0,0.0,0.0,50.0,7.0,2.5,0.4,0.2,29.0,13.5,392.0,4.0,0.0,
180.0,Isaiah Hodgins,24.0,2TM,WR,10.0,5.0,48.0,37.0,392.0,10.6,4.0,24.0,62.5,29.0,3.7,39.2,77.1,8.2,0.0,0.0,0.0,0.0,,,,0.0,0.0,37.0,10.6,392.0,4.0,1.0,
180.0,Isaiah Hodgins,24.0,BUF,WR,2.0,0.0,6.0,4.0,41.0,10.3,0.0,2.0,33.3,26.0,2.0,20.5,66.7,6.8,0.0,0.0,0.0,0.0,,,,0.0,0.0,4.0,10.3,41.0,0.0,0.0,
180.0,Isaiah Hodgins,24.0,NYG,WR,8.0,5.0,42.0,33.0,351.0,10.6,4.0,22.0,66.7,29.0,4.1,43.9,78.6,8.4,0.0,0.0,0.0,0.0,,,,0.0,0.0,33.0,10.6,351.0,4.0,1.0,
181.0,Cade Otton,23.0,TAM,TE,16.0,11.0,65.0,42.0,391.0,9.3,2.0,19.0,52.3,35.0,2.6,24.4,64.6,6.0,0.0,0.0,0.0,0.0,,,,0.0,0.0,42.0,9.3,391.0,2.0,0.0,
182.0,Joshua Kelley,25.0,LAC,RB,13.0,1.0,25.0,14.0,101.0,7.2,0.0,4.0,44.0,22.0,1.1,7.8,56.0,4.0,69.0,287.0,2.0,16.0,56.5,22.0,4.2,22.1,5.3,83.0,4.7,388.0,2.0,0.0,
183.0,Darren Waller,30.0,LVR,TE,9.0,6.0,43.0,28.0,388.0,13.9,3.0,18.0,46.5,34.0,3.1,43.1,65.1,9.0,0.0,0.0,0.0,0.0,,,,0.0,0.0,28.0,13.9,388.0,3.0,0.0,
184.0,Darrell Henderson,25.0,LAR,RB,10.0,7.0,22.0,17.0,102.0,6.0,0.0,5.0,50.0,15.0,1.7,10.2,77.3,4.6,70.0,283.0,3.0,14.0,42.9,23.0,4.0,28.3,7.0,87.0,4.4,385.0,3.0,0.0,
185.0,Equanimeous St. Brown,26.0,CHI,WR,16.0,16.0,38.0,21.0,323.0,15.4,1.0,14.0,44.7,56.0,1.3,20.2,55.3,8.5,6.0,54.0,0.0,2.0,33.3,41.0,9.0,3.4,0.4,27.0,14.0,377.0,1.0,1.0,
186.0,Alexander Mattison,24.0,MIN,RB,17.0,0.0,18.0,15.0,91.0,6.1,1.0,4.0,33.3,16.0,0.9,5.4,83.3,5.1,74.0,283.0,5.0,21.0,47.3,15.0,3.8,16.6,4.4,89.0,4.2,374.0,6.0,0.0,
187.0,Isaiah Likely,22.0,BAL,TE,16.0,2.0,60.0,36.0,373.0,10.4,3.0,18.0,35.0,34.0,2.3,23.3,60.0,6.2,0.0,0.0,0.0,0.0,,,,0.0,0.0,36.0,10.4,373.0,3.0,0.0,
188.0,Caleb Huntley,24.0,ATL,RB,12.0,0.0,2.0,2.0,3.0,1.5,0.0,0.0,0.0,2.0,0.2,0.3,100.0,1.5,76.0,366.0,1.0,18.0,61.8,30.0,4.8,30.5,6.3,78.0,4.7,369.0,1.0,1.0,
189.0,Van Jefferson,26.0,LAR,WR,11.0,9.0,44.0,24.0,369.0,15.4,3.0,20.0,50.0,39.0,2.2,33.5,54.5,8.4,0.0,0.0,0.0,0.0,,,,0.0,0.0,24.0,15.4,369.0,3.0,0.0,
190.0,Geno Smith,32.0,SEA,QB,17.0,17.0,0.0,0.0,0.0,,0.0,0.0,,,0.0,0.0,,,68.0,366.0,1.0,24.0,55.9,25.0,5.4,21.5,4.0,68.0,5.4,366.0,1.0,8.0,PBAP MVP-9AP CPoY-1
191.0,Patrick Mahomes,27.0,KAN,QB,17.0,17.0,1.0,1.0,6.0,6.0,0.0,0.0,100.0,6.0,0.1,0.4,100.0,6.0,61.0,358.0,4.0,25.0,59.0,20.0,5.9,21.1,3.6,62.0,5.9,364.0,4.0,5.0,PBAP-1AP MVP-1AP OPoY-2
192.0,Nelson Agholor,29.0,NWE,WR,16.0,7.0,53.0,31.0,362.0,11.7,2.0,12.0,37.7,44.0,1.9,22.6,58.5,6.8,0.0,0.0,0.0,0.0,,,,0.0,0.0,31.0,11.7,362.0,2.0,2.0,
193.0,Mike Gesicki,27.0,MIA,TE,17.0,1.0,52.0,32.0,362.0,11.3,5.0,19.0,48.1,32.0,1.9,21.3,61.5,7.0,0.0,0.0,0.0,0.0,,,,0.0,0.0,32.0,11.3,362.0,5.0,0.0,
194.0,Rashaad Penny,26.0,SEA,RB,5.0,5.0,5.0,4.0,16.0,4.0,0.0,2.0,60.0,6.0,0.8,3.2,80.0,3.2,57.0,346.0,2.0,15.0,47.4,41.0,6.1,69.2,11.4,61.0,5.9,362.0,2.0,1.0,
195.0,Kyle Pitts,22.0,ATL,TE,10.0,10.0,59.0,28.0,356.0,12.7,2.0,20.0,42.4,33.0,2.8,35.6,47.5,6.0,0.0,0.0,0.0,0.0,,,,0.0,0.0,28.0,12.7,356.0,2.0,0.0,
196.0,Quez Watkins,24.0,PHI,WR,17.0,8.0,51.0,33.0,354.0,10.7,3.0,13.0,37.3,53.0,1.9,20.8,64.7,6.9,3.0,1.0,0.0,0.0,0.0,4.0,0.3,0.1,0.2,36.0,9.9,355.0,3.0,1.0,
197.0,Will Dissly,26.0,SEA,TE,15.0,15.0,38.0,34.0,349.0,10.3,3.0,20.0,73.7,38.0,2.3,23.3,89.5,9.2,0.0,0.0,0.0,0.0,,,,0.0,0.0,34.0,10.3,349.0,3.0,0.0,
198.0,Julio Jones,33.0,TAM,WR,10.0,5.0,43.0,24.0,299.0,12.5,2.0,13.0,41.9,48.0,2.4,29.9,55.8,7.0,5.0,45.0,0.0,4.0,80.0,15.0,9.0,4.5,0.5,29.0,11.9,344.0,2.0,0.0,
199.0,Allen Robinson,29.0,LAR,WR,10.0,10.0,52.0,33.0,339.0,10.3,3.0,23.0,53.8,29.0,3.3,33.9,63.5,6.5,0.0,0.0,0.0,0.0,,,,0.0,0.0,33.0,10.3,339.0,3.0,0.0,
200.0,Matt Breida,27.0,NYG,RB,17.0,1.0,25.0,20.0,118.0,5.9,0.0,5.0,36.0,16.0,1.2,6.9,80.0,4.7,54.0,220.0,1.0,13.0,50.0,18.0,4.1,12.9,3.2,74.0,4.6,338.0,1.0,0.0,
201.0,Laviska Shenault Jr.,24.0,CAR,WR,13.0,4.0,32.0,27.0,272.0,10.1,1.0,10.0,50.0,67.0,2.1,20.9,84.4,8.5,9.0,65.0,1.0,1.0,33.3,41.0,7.2,5.0,0.7,36.0,9.4,337.0,2.0,0.0,
202.0,Tutu Atwell,23.0,LAR,WR,13.0,4.0,35.0,18.0,298.0,16.6,1.0,11.0,40.0,62.0,1.4,22.9,51.4,8.5,9.0,34.0,1.0,2.0,66.7,11.0,3.8,2.6,0.7,27.0,12.3,332.0,2.0,0.0,
203.0,Hunter Renfrow,27.0,LVR,WR,10.0,1.0,50.0,36.0,330.0,9.2,2.0,18.0,52.0,27.0,3.6,33.0,72.0,6.6,0.0,0.0,0.0,0.0,,,,0.0,0.0,36.0,9.2,330.0,2.0,3.0,
204.0,Mecole Hardman,24.0,KAN,WR,8.0,5.0,34.0,25.0,297.0,11.9,4.0,14.0,61.8,36.0,3.1,37.1,73.5,8.7,4.0,31.0,2.0,3.0,75.0,25.0,7.8,3.9,0.5,29.0,11.3,328.0,6.0,1.0,
205.0,Sammy Watkins,29.0,2TM,WR,12.0,5.0,27.0,16.0,325.0,20.3,0.0,11.0,59.3,55.0,1.3,27.1,59.3,12.0,0.0,0.0,0.0,0.0,,,,0.0,0.0,16.0,20.3,325.0,0.0,1.0,
205.0,Sammy Watkins,29.0,GNB,WR,9.0,3.0,22.0,13.0,206.0,15.8,0.0,9.0,59.1,55.0,1.4,22.9,59.1,9.4,0.0,0.0,0.0,0.0,,,,0.0,0.0,13.0,15.8,206.0,0.0,0.0,
205.0,Sammy Watkins,29.0,BAL,WR,3.0,2.0,5.0,3.0,119.0,39.7,0.0,2.0,60.0,47.0,1.0,39.7,60.0,23.8,0.0,0.0,0.0,0.0,,,,0.0,0.0,3.0,39.7,119.0,0.0,1.0,
206.0,Kendall Hinton,25.0,DEN,WR,12.0,5.0,33.0,24.0,311.0,13.0,0.0,14.0,54.5,35.0,2.0,25.9,72.7,9.4,2.0,13.0,0.0,1.0,50.0,13.0,6.5,1.1,0.2,26.0,12.5,324.0,0.0,0.0,
207.0,Logan Thomas,31.0,WAS,TE,14.0,13.0,61.0,39.0,323.0,8.3,1.0,15.0,45.9,27.0,2.8,23.1,63.9,5.3,0.0,0.0,0.0,0.0,,,,0.0,0.0,39.0,8.3,323.0,1.0,0.0,
208.0,Dontrell Hilliard,27.0,TEN,RB,12.0,1.0,26.0,21.0,177.0,8.4,4.0,8.0,38.5,31.0,1.8,14.8,80.8,6.8,22.0,145.0,0.0,4.0,45.5,30.0,6.6,12.1,1.8,43.0,7.5,322.0,4.0,0.0,
209.0,Colby Parkinson,23.0,SEA,TE,17.0,2.0,34.0,25.0,322.0,12.9,2.0,14.0,61.8,39.0,1.5,18.9,73.5,9.5,0.0,0.0,0.0,0.0,,,,0.0,0.0,25.0,12.9,322.0,2.0,0.0,
210.0,Ray-Ray McCloud,26.0,SFO,WR,17.0,2.0,25.0,14.0,243.0,17.4,1.0,11.0,52.0,42.0,0.8,14.3,56.0,9.7,4.0,78.0,1.0,1.0,25.0,71.0,19.5,4.6,0.2,18.0,17.8,321.0,2.0,2.0,
211.0,Jamycal Hasty,26.0,JAX,RB,17.0,0.0,26.0,20.0,126.0,6.3,1.0,7.0,30.8,28.0,1.2,7.4,76.9,4.8,46.0,194.0,2.0,7.0,37.0,61.0,4.2,11.4,2.7,66.0,4.8,320.0,3.0,0.0,
212.0,Justice Hill,25.0,BAL,RB,15.0,0.0,12.0,12.0,58.0,4.8,0.0,2.0,41.7,15.0,0.8,3.9,100.0,4.8,49.0,262.0,0.0,15.0,59.2,34.0,5.3,17.5,3.3,61.0,5.2,320.0,0.0,2.0,
213.0,Justin Watson,27.0,KAN,WR,17.0,5.0,34.0,15.0,315.0,21.0,2.0,12.0,44.1,67.0,0.9,18.5,44.1,9.3,0.0,0.0,0.0,0.0,,,,0.0,0.0,15.0,21.0,315.0,2.0,0.0,
214.0,DeeJay Dallas,24.0,SEA,RB,15.0,0.0,19.0,17.0,126.0,7.4,0.0,5.0,57.9,41.0,1.1,8.4,89.5,6.6,35.0,186.0,0.0,9.0,54.3,27.0,5.3,12.4,2.3,52.0,6.0,312.0,0.0,1.0,
215.0,Jelani Woods,24.0,IND,TE,15.0,2.0,40.0,25.0,312.0,12.5,3.0,16.0,45.0,36.0,1.7,20.8,62.5,7.8,0.0,0.0,0.0,0.0,,,,0.0,0.0,25.0,12.5,312.0,3.0,1.0,
216.0,Kylen Granson,24.0,IND,TE,13.0,4.0,40.0,31.0,302.0,9.7,0.0,17.0,52.5,32.0,2.4,23.2,77.5,7.6,1.0,0.0,0.0,0.0,0.0,,0.0,0.0,0.1,32.0,9.4,302.0,0.0,1.0,
217.0,Mark Ingram,33.0,NOR,RB,10.0,3.0,18.0,16.0,68.0,4.3,0.0,2.0,33.3,11.0,1.6,6.8,88.9,3.8,62.0,233.0,1.0,12.0,46.8,14.0,3.8,23.3,6.2,78.0,3.9,301.0,1.0,2.0,
