Rk_x,Player,Tm,FantPos,2PP,FantPt,PPR,DKPt,FDPt,VBD,PosRank,OvRank,-9999,Rk_y,Age,Team,Pos,G,GS,Tgt,Rec,Yds,Y/R,TD,1D,Succ%,Lng,R/G,Y/G,Ctch%,Y/Tgt,Att,Yds.1,TD.1,1D.1,Succ%.1,Lng.1,Y/A,Y/G.1,A/G,Touch,Y/Tch,YScm,RRTD,Fmb,Awards
2,Josh Jacobs,LVR,RB,,275,328.3,335.3,301.8,127.0,1,2.0,JacoJo01,1.0,24.0,LVR,RB,17.0,17.0,64.0,53.0,400.0,7.5,0.0,16.0,50.0,43.0,3.1,23.5,82.8,6.3,340.0,1653.0,12.0,93.0,57.4,86.0,4.9,97.2,20.0,393.0,5.2,2053.0,12.0,3.0,PBAP-1AP OPoY-5
4,Derrick Henry,TEN,RB,,270,302.8,311.8,286.3,122.0,3,4.0,HenrDe00,2.0,28.0,TEN,RB,16.0,16.0,41.0,33.0,398.0,12.1,0.0,11.0,61.0,69.0,2.1,24.9,80.5,9.7,349.0,1538.0,13.0,65.0,46.7,56.0,4.4,96.1,21.8,382.0,5.1,1936.0,13.0,6.0,PBAP MVP-9AP OPoY-12AP CPoY-9
5,Justin Jefferson,MIN,WR,,241,368.7,371.7,304.7,119.0,1,5.0,JeffJu00,4.0,23.0,MIN,WR,17.0,17.0,184.0,128.0,1809.0,14.1,8.0,80.0,57.6,64.0,7.5,106.4,69.6,9.8,4.0,24.0,1.0,2.0,75.0,10.0,6.0,1.4,0.2,132.0,13.9,1833.0,9.0,0.0,PBAP-1AP MVP-5AP OPoY-1
6,Austin Ekeler,LAC,RB,,266,372.7,381.7,319.2,118.0,4,6.0,EkelAu00,8.0,27.0,LAC,RB,17.0,17.0,127.0,107.0,722.0,6.7,5.0,36.0,48.0,23.0,6.3,42.5,84.3,5.7,204.0,915.0,13.0,46.0,48.0,72.0,4.5,53.8,12.0,311.0,5.3,1637.0,18.0,5.0,AP OPoY-9
8,Davante Adams,LVR,WR,,236,335.5,338.5,285.5,114.0,2,8.0,AdamDa01,10.0,30.0,LVR,WR,17.0,17.0,180.0,100.0,1516.0,15.2,14.0,65.0,46.1,60.0,5.9,89.2,55.6,8.4,3.0,-1.0,0.0,0.0,0.0,4.0,-0.3,-0.1,0.2,103.0,14.7,1515.0,14.0,1.0,PBAP-1
9,Travis Kelce,KAN,TE,,206,316.3,320.3,261.3,114.0,1,9.0,KelcTr00,21.0,33.0,KAN,TE,17.0,17.0,152.0,110.0,1338.0,12.2,12.0,78.0,63.2,52.0,6.5,78.7,72.4,8.8,2.0,5.0,0.0,1.0,100.0,4.0,2.5,0.3,0.1,112.0,12.0,1343.0,12.0,1.0,PBAP-1AP OPoY-6
10,Nick Chubb,CLE,RB,,254,281.4,288.4,267.9,107.0,5,10.0,ChubNi00,5.0,27.0,CLE,RB,17.0,17.0,37.0,27.0,239.0,8.9,1.0,12.0,51.4,26.0,1.6,14.1,73.0,6.5,302.0,1525.0,12.0,69.0,50.0,41.0,5.0,89.7,17.8,329.0,5.4,1764.0,13.0,1.0,PBAP-2
11,Tyreek Hill,MIA,WR,,228,347.2,350.2,287.7,107.0,3,11.0,HillTy00,6.0,28.0,MIA,WR,17.0,17.0,170.0,119.0,1710.0,14.4,7.0,77.0,56.5,64.0,7.0,100.6,70.0,10.1,7.0,32.0,1.0,3.0,57.1,10.0,4.6,1.9,0.4,126.0,13.8,1742.0,8.0,1.0,PBAP-1AP MVP-9AP OPoY-4
13,A.J. Brown,PHI,WR,,212,299.6,304.6,255.6,91.0,4,13.0,BrowAJ00,11.0,25.0,PHI,WR,17.0,16.0,145.0,88.0,1496.0,17.0,11.0,59.0,51.7,78.0,5.2,88.0,60.7,10.3,0.0,0.0,0.0,0.0,,,,0.0,0.0,88.0,17.0,1496.0,11.0,2.0,PBAP-2AP MVP-9AP OPoY-11
14,Stefon Diggs,BUF,WR,,209,316.6,319.6,262.6,89.0,5,14.0,DiggSt00,15.0,29.0,BUF,WR,16.0,16.0,154.0,108.0,1429.0,13.2,11.0,74.0,64.3,53.0,6.8,89.3,70.1,9.3,1.0,-3.0,0.0,0.0,0.0,-3.0,-3.0,-0.2,0.1,109.0,13.1,1426.0,11.0,1.0,PBAP-2
15,Saquon Barkley,NYG,RB,,227,284.0,290.0,255.5,82.0,6,15.0,BarkSa00,7.0,25.0,NYG,RB,16.0,16.0,76.0,57.0,338.0,5.9,0.0,10.0,38.2,41.0,3.6,21.1,75.0,4.4,295.0,1312.0,10.0,62.0,47.5,68.0,4.4,82.0,18.4,352.0,4.7,1650.0,10.0,1.0,PBAP CPoY-3
16,CeeDee Lamb,DAL,WR,,195,301.6,304.6,248.1,75.0,6,16.0,LambCe00,16.0,23.0,DAL,WR,17.0,17.0,156.0,107.0,1359.0,12.7,9.0,67.0,55.1,39.0,6.3,79.9,68.6,8.7,10.0,47.0,0.0,3.0,50.0,14.0,4.7,2.8,0.6,117.0,12.0,1406.0,9.0,0.0,PBAP-2
18,Jamaal Williams,DET,RB,,214,225.9,230.9,219.9,69.0,7,18.0,WillJa06,32.0,27.0,DET,RB,17.0,9.0,16.0,12.0,73.0,6.1,0.0,4.0,37.5,17.0,0.7,4.3,75.0,4.6,262.0,1066.0,17.0,65.0,53.1,58.0,4.1,62.7,15.4,274.0,4.2,1139.0,17.0,3.0,
19,Jaylen Waddle,MIA,WR,,184,259.2,263.2,221.7,66.0,7,19.0,WaddJa00,18.0,24.0,MIA,WR,17.0,17.0,117.0,75.0,1356.0,18.1,8.0,60.0,54.7,84.0,4.4,79.8,64.1,11.6,3.0,26.0,0.0,0.0,100.0,9.0,8.7,1.5,0.2,78.0,17.7,1382.0,8.0,1.0,
20,Tony Pollard,DAL,RB,,210,248.8,254.8,229.3,65.0,8,20.0,PollTo00,19.0,25.0,DAL,RB,16.0,4.0,55.0,39.0,371.0,9.5,3.0,18.0,47.3,68.0,2.4,23.2,70.9,6.7,193.0,1007.0,9.0,46.0,47.7,57.0,5.2,62.9,12.1,232.0,5.9,1378.0,12.0,0.0,PB
21,Dalvin Cook,MIN,RB,,199,237.8,247.8,218.3,55.0,9,21.0,CookDa01,12.0,27.0,MIN,RB,17.0,17.0,56.0,39.0,295.0,7.6,2.0,16.0,41.1,64.0,2.3,17.4,69.6,5.3,264.0,1173.0,8.0,50.0,47.3,81.0,4.4,69.0,15.5,303.0,4.8,1468.0,10.0,4.0,PB
22,Miles Sanders,PHI,RB,,197,216.7,221.7,206.7,53.0,10,22.0,SandMi01,20.0,25.0,PHI,RB,17.0,15.0,26.0,20.0,78.0,3.9,0.0,2.0,46.2,16.0,1.2,4.6,76.9,3.0,259.0,1269.0,11.0,62.0,56.8,40.0,4.9,74.6,15.2,279.0,4.8,1347.0,11.0,2.0,PB
23,George Kittle,SFO,TE,,141,200.5,204.5,170.5,52.0,2,23.0,KittGe00,84.0,29.0,SFO,TE,15.0,15.0,86.0,60.0,765.0,12.8,11.0,36.0,58.1,54.0,4.0,51.0,69.8,8.9,0.0,0.0,0.0,0.0,,,,0.0,0.0,60.0,12.8,765.0,11.0,1.0,PBAP-2
24,Amari Cooper,CLE,WR,,168,246.0,250.0,208.0,50.0,8,24.0,CoopAm00,30.0,28.0,CLE,WR,17.0,17.0,132.0,78.0,1160.0,14.9,9.0,61.0,53.0,55.0,4.6,68.2,59.1,8.8,0.0,0.0,0.0,0.0,,,,0.0,0.0,78.0,14.9,1160.0,9.0,0.0,
25,Taysom Hill,NOR,TE,,137,145.8,148.8,141.3,49.0,3,25.0,HillTa00,108.0,32.0,NOR,TE/QB,16.0,8.0,13.0,9.0,77.0,8.6,2.0,5.0,46.2,30.0,0.6,4.8,69.2,5.9,96.0,575.0,7.0,34.0,55.2,60.0,6.0,35.9,6.0,105.0,6.2,652.0,9.0,2.0,
26,Aaron Jones,GNB,RB,,190,248.6,257.6,219.1,46.0,11,26.0,JoneAa00,9.0,28.0,GNB,RB,17.0,17.0,72.0,59.0,395.0,6.7,5.0,19.0,44.4,30.0,3.5,23.2,81.9,5.5,213.0,1121.0,2.0,54.0,54.9,36.0,5.3,65.9,12.5,272.0,5.6,1516.0,7.0,5.0,
28,DeVonta Smith,PHI,WR,,160,254.6,258.6,207.1,42.0,10,28.0,SmitDe07,27.0,24.0,PHI,WR,17.0,17.0,136.0,95.0,1196.0,12.6,7.0,57.0,54.4,45.0,5.6,70.4,69.9,8.8,0.0,0.0,0.0,0.0,,,,0.0,0.0,95.0,12.6,1196.0,7.0,1.0,
30,Christian Kirk,JAX,WR,,158,241.9,245.9,199.9,41.0,11,30.0,KirkCh01,34.0,26.0,JAX,WR,17.0,17.0,133.0,84.0,1108.0,13.2,8.0,55.0,52.6,49.0,4.9,65.2,63.2,8.3,5.0,11.0,0.0,0.0,60.0,5.0,2.2,0.6,0.3,89.0,12.6,1119.0,8.0,1.0,
31,Najee Harris,PIT,RB,,182,223.5,231.5,203.0,40.0,12,31.0,HarrNa00,22.0,24.0,PIT,RB,17.0,17.0,53.0,41.0,229.0,5.6,3.0,16.0,49.1,19.0,2.4,13.5,77.4,4.3,272.0,1034.0,7.0,45.0,46.0,36.0,3.8,60.8,16.0,313.0,4.0,1263.0,10.0,3.0,
32,Ja'Marr Chase,CIN,WR,,155,242.4,247.4,198.9,38.0,12,32.0,ChasJa00,41.0,22.0,CIN,WR,12.0,12.0,134.0,87.0,1046.0,12.0,9.0,58.0,55.2,60.0,7.3,87.2,64.9,7.8,5.0,8.0,0.0,0.0,20.0,6.0,1.6,0.7,0.4,92.0,11.5,1054.0,9.0,2.0,PB
33,Rhamondre Stevenson,NWE,RB,,180,249.1,256.1,214.6,37.0,13,33.0,StevRh00,13.0,24.0,NWE,RB,17.0,7.0,88.0,69.0,421.0,6.1,1.0,13.0,39.8,40.0,4.1,24.8,78.4,4.8,210.0,1040.0,5.0,49.0,45.7,49.0,5.0,61.2,12.4,279.0,5.2,1461.0,6.0,4.0,
34,Joe Mixon,CIN,RB,,180,239.5,245.5,209.5,37.0,14,34.0,MixoJo00,24.0,26.0,CIN,RB,14.0,14.0,75.0,60.0,441.0,7.4,2.0,17.0,50.7,35.0,4.3,31.5,80.0,5.9,210.0,814.0,7.0,47.0,52.4,40.0,3.9,58.1,15.0,270.0,4.6,1255.0,9.0,0.0,
35,Tyler Lockett,SEA,WR,,153,237.3,242.3,195.3,37.0,13,35.0,LockTy00,46.0,30.0,SEA,WR,16.0,16.0,117.0,84.0,1033.0,12.3,9.0,50.0,60.7,40.0,5.3,64.6,71.8,8.8,0.0,0.0,0.0,0.0,,,,0.0,0.0,84.0,12.3,1033.0,9.0,2.0,
36,Terry McLaurin,WAS,WR,,152,229.0,232.0,190.5,35.0,14,36.0,McLaTe00,25.0,27.0,WAS,WR,17.0,17.0,120.0,77.0,1191.0,15.5,5.0,56.0,55.0,52.0,4.5,70.1,64.2,9.9,7.0,29.0,0.0,2.0,71.4,12.0,4.1,1.7,0.4,84.0,14.5,1220.0,5.0,1.0,PB
37,Kenneth Walker III,SEA,RB,,176,202.5,208.5,189.0,33.0,15,37.0,WalkKe00,26.0,22.0,SEA,RB,15.0,11.0,35.0,27.0,165.0,6.1,0.0,6.0,37.1,33.0,1.8,11.0,77.1,4.7,228.0,1050.0,9.0,51.0,39.9,74.0,4.6,70.0,15.2,255.0,4.8,1215.0,9.0,0.0,AP ORoY-2
38,Brandon Aiyuk,SFO,WR,,150,227.8,231.8,188.8,33.0,15,38.0,AiyuBr00,45.0,24.0,SFO,WR,17.0,17.0,114.0,78.0,1015.0,13.0,8.0,47.0,59.6,54.0,4.6,59.7,68.4,8.9,2.0,23.0,0.0,1.0,100.0,16.0,11.5,1.4,0.1,80.0,13.0,1038.0,8.0,1.0,
39,Mike Evans,TAM,WR,,148,225.4,228.4,186.9,32.0,16,39.0,EvanMi00,33.0,29.0,TAM,WR,15.0,15.0,127.0,77.0,1124.0,14.6,6.0,53.0,54.3,63.0,5.1,74.9,60.6,8.9,0.0,0.0,0.0,0.0,,,,0.0,0.0,77.0,14.6,1124.0,6.0,0.0,
41,Tee Higgins,CIN,WR,,147,220.9,223.9,183.9,30.0,17,41.0,HiggTe00,47.0,23.0,CIN,WR,16.0,14.0,109.0,74.0,1029.0,13.9,7.0,47.0,59.6,59.0,4.6,64.3,67.9,9.4,0.0,0.0,0.0,0.0,,,,0.0,0.0,74.0,13.9,1029.0,7.0,0.0,
43,Travis Etienne,JAX,RB,,170,205.1,214.1,187.6,28.0,16,43.0,EtieTr00,14.0,23.0,JAX,RB,17.0,12.0,45.0,35.0,316.0,9.0,0.0,16.0,44.4,30.0,2.1,18.6,77.8,7.0,220.0,1125.0,5.0,52.0,50.9,62.0,5.1,66.2,12.9,255.0,5.7,1441.0,5.0,5.0,
44,Ezekiel Elliott,DAL,RB,,169,185.8,188.8,177.3,27.0,17,44.0,ElliEz00,52.0,27.0,DAL,RB,15.0,14.0,23.0,17.0,92.0,5.4,0.0,4.0,39.1,31.0,1.1,6.1,73.9,4.0,231.0,876.0,12.0,52.0,47.6,27.0,3.8,58.4,15.4,248.0,3.9,968.0,12.0,0.0,
47,D.K. Metcalf,SEA,WR,,137,226.8,231.8,181.8,21.0,19,47.0,MetcDK00,42.0,25.0,SEA,WR,17.0,17.0,141.0,90.0,1048.0,11.6,6.0,47.0,49.6,54.0,5.3,61.6,63.8,7.4,0.0,0.0,0.0,0.0,,,,0.0,0.0,90.0,11.6,1048.0,6.0,2.0,
48,Jerry Jeudy,DEN,WR,,137,204.2,207.2,170.7,21.0,18,48.0,JeudJe00,49.0,23.0,DEN,WR,15.0,14.0,100.0,67.0,972.0,14.5,6.0,41.0,52.0,67.0,4.5,64.8,67.0,9.7,4.0,40.0,0.0,4.0,100.0,14.0,10.0,2.7,0.3,71.0,14.3,1012.0,6.0,0.0,
49,D.J. Moore,CAR,WR,,136,199.1,202.1,167.6,20.0,20,49.0,MoorD.00,55.0,25.0,CAR,WR,17.0,17.0,118.0,63.0,888.0,14.1,7.0,44.0,43.2,62.0,3.7,52.2,53.4,7.5,10.0,53.0,0.0,3.0,80.0,11.0,5.3,3.1,0.6,73.0,12.9,941.0,7.0,0.0,
51,Evan Engram,JAX,TE,,104,176.9,179.9,140.4,18.0,6,51.0,EngrEv00,81.0,28.0,JAX,TE,17.0,14.0,98.0,73.0,766.0,10.5,4.0,33.0,55.1,36.0,4.3,45.1,74.5,7.8,2.0,13.0,0.0,1.0,50.0,13.0,6.5,0.8,0.1,75.0,10.4,779.0,4.0,0.0,
52,Garrett Wilson,NYJ,WR,,133,215.7,219.7,174.2,17.0,21,52.0,WilsGa00,36.0,22.0,NYJ,WR,17.0,12.0,147.0,83.0,1103.0,13.3,4.0,56.0,47.6,60.0,4.9,64.9,56.5,7.5,4.0,4.0,0.0,0.0,25.0,7.0,1.0,0.2,0.2,87.0,12.7,1107.0,4.0,2.0,AP ORoY-1
54,Alvin Kamara,NOR,RB,,155,211.7,221.7,183.2,14.0,18,54.0,KamaAl00,17.0,27.0,NOR,RB,15.0,13.0,77.0,57.0,490.0,8.6,2.0,17.0,46.8,54.0,3.8,32.7,74.0,6.4,223.0,897.0,2.0,40.0,52.0,27.0,4.0,59.8,14.9,280.0,5.0,1387.0,4.0,4.0,
55,James Conner,ARI,RB,,154,200.2,207.2,177.2,13.0,19,55.0,ConnJa00,40.0,27.0,ARI,RB,13.0,13.0,58.0,46.0,300.0,6.5,1.0,13.0,44.8,22.0,3.5,23.1,79.3,5.2,183.0,782.0,7.0,48.0,55.2,23.0,4.3,60.2,14.1,229.0,4.7,1082.0,8.0,3.0,
56,Leonard Fournette,TAM,RB,,153,226.1,233.1,190.6,12.0,20,56.0,FourLe00,28.0,27.0,TAM,RB,16.0,9.0,83.0,73.0,523.0,7.2,3.0,26.0,55.4,44.0,4.6,32.7,88.0,6.3,189.0,668.0,3.0,39.0,49.2,23.0,3.5,41.8,11.8,262.0,4.5,1191.0,6.0,0.0,
58,Cooper Kupp,LAR,WR,,126,201.4,205.4,163.9,11.0,22,58.0,KuppCo00,66.0,29.0,LAR,WR,9.0,9.0,98.0,75.0,812.0,10.8,6.0,42.0,62.2,75.0,8.3,90.2,76.5,8.3,9.0,52.0,1.0,4.0,66.7,20.0,5.8,5.8,1.0,84.0,10.3,864.0,7.0,2.0,
59,Chris Olave,NOR,WR,,126,198.2,203.2,162.2,11.0,23,59.0,OlavCh00,44.0,22.0,NOR,WR,15.0,9.0,119.0,72.0,1042.0,14.5,4.0,48.0,53.8,53.0,4.8,69.5,60.5,8.8,0.0,0.0,0.0,0.0,,,,0.0,0.0,72.0,14.5,1042.0,4.0,2.0,AP ORoY-4
60,Cole Kmet,CHI,TE,,97,147.3,150.3,122.3,11.0,7,60.0,KmetCo00,123.0,23.0,CHI,TE,17.0,17.0,69.0,50.0,544.0,10.9,7.0,27.0,59.4,50.0,2.9,32.0,72.5,7.9,2.0,9.0,0.0,1.0,100.0,8.0,4.5,0.5,0.1,52.0,10.6,553.0,7.0,1.0,
61,Gabriel Davis,BUF,WR,,124,171.6,175.6,147.6,9.0,24,61.0,DaviGa01,73.0,23.0,BUF,WR,15.0,15.0,93.0,48.0,836.0,17.4,7.0,35.0,51.6,98.0,3.2,55.7,51.6,9.0,0.0,0.0,0.0,0.0,,,,0.0,0.0,48.0,17.4,836.0,7.0,1.0,
62,Christian Watson,GNB,WR,,123,164.1,167.1,143.6,8.0,25,62.0,WatsCh00,99.0,23.0,GNB,WR,14.0,11.0,66.0,41.0,611.0,14.9,7.0,28.0,50.0,63.0,2.9,43.6,62.1,9.3,7.0,80.0,2.0,2.0,71.4,46.0,11.4,5.7,0.5,48.0,14.4,691.0,9.0,0.0,AP ORoY-7
64,Juwan Johnson,NOR,TE,,93,134.8,137.8,113.8,7.0,8,64.0,JohnJu02,138.0,26.0,NOR,TE,16.0,12.0,65.0,42.0,508.0,12.1,7.0,25.0,52.3,41.0,2.6,31.8,64.6,7.8,0.0,0.0,0.0,0.0,,,,0.0,0.0,42.0,12.1,508.0,7.0,0.0,
65,Chris Godwin,TAM,WR,,119,222.8,227.8,170.8,4.0,26,65.0,GodwCh00,48.0,26.0,TAM,WR,15.0,13.0,142.0,104.0,1023.0,9.8,3.0,53.0,60.6,44.0,6.9,68.2,73.2,7.2,3.0,5.0,0.0,0.0,0.0,2.0,1.7,0.3,0.2,107.0,9.6,1028.0,3.0,2.0,AP CPoY-7
66,David Montgomery,CHI,RB,,144,177.7,185.7,160.7,3.0,21,66.0,MontDa01,35.0,25.0,CHI,RB,16.0,16.0,40.0,34.0,316.0,9.3,1.0,10.0,50.0,32.0,2.1,19.8,85.0,7.9,201.0,801.0,5.0,41.0,44.8,28.0,4.0,50.1,12.6,235.0,4.8,1117.0,6.0,2.0,
67,D'Andre Swift,DET,RB,,143,191.1,197.1,167.1,3.0,23,67.0,SwifDA00,58.0,23.0,DET,RB,14.0,8.0,70.0,48.0,389.0,8.1,3.0,17.0,38.6,25.0,3.4,27.8,68.6,5.6,99.0,542.0,5.0,21.0,47.5,50.0,5.5,38.7,7.1,147.0,6.3,931.0,8.0,1.0,
68,Tyler Allgeier,ATL,RB,,143,159.4,165.4,151.4,3.0,22,68.0,AllgTy00,29.0,22.0,ATL,RB,16.0,7.0,17.0,16.0,139.0,8.7,1.0,8.0,58.8,26.0,1.0,8.7,94.1,8.2,210.0,1035.0,3.0,53.0,51.9,44.0,4.9,64.7,13.1,226.0,5.2,1174.0,4.0,0.0,AP ORoY-5
69,Michael Pittman Jr.,IND,WR,,118,216.5,220.5,167.0,3.0,27,69.0,PittMi01,54.0,25.0,IND,WR,16.0,16.0,141.0,99.0,925.0,9.3,4.0,51.0,53.9,28.0,6.2,57.8,70.2,6.6,3.0,30.0,0.0,2.0,66.7,19.0,10.0,1.9,0.2,102.0,9.4,955.0,4.0,2.0,
70,Zay Jones,JAX,WR,,116,198.1,201.1,157.1,2.0,28,70.0,JoneZa00,71.0,27.0,JAX,WR,16.0,15.0,121.0,82.0,823.0,10.0,5.0,44.0,54.5,59.0,5.1,51.4,67.8,6.8,4.0,18.0,0.0,1.0,50.0,14.0,4.5,1.1,0.3,86.0,9.8,841.0,5.0,0.0,
71,Dawson Knox,BUF,TE,,88,135.7,138.7,111.7,2.0,9,71.0,KnoxDa00,133.0,26.0,BUF,TE,15.0,15.0,65.0,48.0,517.0,10.8,6.0,25.0,60.0,45.0,3.2,34.5,73.8,8.0,0.0,0.0,0.0,0.0,,,,0.0,0.0,48.0,10.8,517.0,6.0,0.0,PB
72,Dallas Goedert,PHI,TE,,86,141.2,145.2,113.7,1.0,10,72.0,GoedDa00,98.0,27.0,PHI,TE,12.0,12.0,69.0,55.0,702.0,12.8,3.0,40.0,69.6,31.0,4.6,58.5,79.7,10.2,0.0,0.0,0.0,0.0,,,,0.0,0.0,55.0,12.8,702.0,3.0,1.0,
90,AJ Dillon,GNB,RB,,140,167.6,173.6,153.6,,26,,DillAJ00,51.0,24.0,GNB,RB,17.0,3.0,43.0,28.0,206.0,7.4,0.0,9.0,39.5,17.0,1.6,12.1,65.1,4.8,186.0,770.0,7.0,47.0,56.5,27.0,4.1,45.3,10.9,214.0,4.6,976.0,7.0,1.0,
91,Jerick McKinnon,KAN,RB,,140,196.3,203.3,168.3,,24,,McKiJe00,77.0,30.0,KAN,RB,17.0,0.0,71.0,56.0,512.0,9.1,9.0,28.0,54.9,56.0,3.3,30.1,78.9,7.2,72.0,291.0,1.0,12.0,45.8,30.0,4.0,17.1,4.2,128.0,6.3,803.0,10.0,1.0,AP CPoY-12
92,Devin Singletary,BUF,RB,,140,177.9,186.9,158.9,,25,,SingDe00,38.0,25.0,BUF,RB,16.0,16.0,52.0,38.0,280.0,7.4,1.0,15.0,53.8,22.0,2.4,17.5,73.1,5.4,177.0,819.0,5.0,43.0,52.5,33.0,4.6,51.2,11.1,215.0,5.1,1099.0,6.0,3.0,
93,Raheem Mostert,MIA,RB,,137,168.3,175.3,152.8,,27,,MostRa00,39.0,30.0,MIA,RB,16.0,14.0,42.0,31.0,202.0,6.5,2.0,11.0,47.6,25.0,1.9,12.6,73.8,4.8,181.0,891.0,3.0,44.0,55.2,67.0,4.9,55.7,11.3,212.0,5.2,1093.0,5.0,1.0,
95,Dameon Pierce,HOU,RB,,136,166.4,174.4,151.4,,29,,PierDa01,37.0,22.0,HOU,RB,13.0,13.0,39.0,30.0,165.0,5.5,1.0,7.0,43.6,16.0,2.3,12.7,76.9,4.2,220.0,939.0,4.0,54.0,47.7,75.0,4.3,72.2,16.9,250.0,4.4,1104.0,5.0,4.0,AP ORoY-9
96,Cordarrelle Patterson,ATL,RB,,134,154.7,161.7,144.2,,30,,PattCo00,76.0,31.0,ATL,RB,13.0,11.0,31.0,21.0,122.0,5.8,0.0,6.0,38.7,16.0,1.6,9.4,67.7,3.9,144.0,695.0,8.0,39.0,60.4,40.0,4.8,53.5,11.1,165.0,5.0,817.0,8.0,1.0,
97,Cam Akers,LAR,RB,,128,141.3,149.3,134.8,,31,,AkerCa00,61.0,23.0,LAR,RB,15.0,9.0,18.0,13.0,117.0,9.0,0.0,8.0,50.0,18.0,0.9,7.8,72.2,6.5,188.0,786.0,7.0,39.0,52.7,42.0,4.2,52.4,12.5,201.0,4.5,903.0,7.0,2.0,
99,D'Onta Foreman,CAR,RB,,126,131.0,134.0,128.5,,33,,ForeDO00,56.0,26.0,CAR,RB,17.0,9.0,9.0,5.0,26.0,5.2,0.0,1.0,22.2,23.0,0.3,1.5,55.6,2.9,203.0,914.0,5.0,45.0,48.8,60.0,4.5,53.8,11.9,208.0,4.5,940.0,5.0,1.0,
100,Isiah Pacheco,KAN,RB,,122,135.0,143.0,128.5,,34,,PachIs00,53.0,23.0,KAN,RB,17.0,11.0,14.0,13.0,130.0,10.0,0.0,7.0,64.3,32.0,0.8,7.6,92.9,9.3,170.0,830.0,5.0,37.0,57.1,31.0,4.9,48.8,10.0,183.0,5.2,960.0,5.0,4.0,AP ORoY-10
102,Antonio Gibson,WAS,RB,,120,165.9,171.9,142.9,,35,,GibsAn00,62.0,24.0,WAS,RB,15.0,6.0,58.0,46.0,353.0,7.7,2.0,18.0,46.6,26.0,3.1,23.5,79.3,6.1,149.0,546.0,3.0,32.0,49.7,20.0,3.7,36.4,9.9,195.0,4.6,899.0,5.0,1.0,
103,Jonathan Taylor,IND,RB,,118,146.4,155.4,132.4,,36,,TaylJo02,50.0,23.0,IND,RB,11.0,11.0,40.0,28.0,143.0,5.1,0.0,4.0,32.5,19.0,2.5,13.0,70.0,3.6,192.0,861.0,4.0,39.0,48.4,66.0,4.5,78.3,17.5,220.0,4.6,1004.0,4.0,3.0,
105,Allen Lazard,GNB,WR,,115,174.8,177.8,144.8,,29,,LazaAl00,80.0,27.0,GNB,WR,15.0,15.0,100.0,60.0,788.0,13.1,6.0,45.0,55.0,47.0,4.0,52.5,60.0,7.9,2.0,0.0,0.0,0.0,0.0,,0.0,0.0,0.1,62.0,12.7,788.0,6.0,0.0,
106,George Pickens,PIT,WR,,115,166.5,169.5,140.5,,30,,PickGe00,75.0,21.0,PIT,WR,17.0,12.0,84.0,52.0,801.0,15.4,4.0,38.0,48.8,42.0,3.1,47.1,61.9,9.5,3.0,24.0,1.0,2.0,66.7,22.0,8.0,1.4,0.2,55.0,15.0,825.0,5.0,0.0,
107,Mike Williams,LAC,WR,,114,176.5,179.5,145.0,,31,,WillMi07,63.0,28.0,LAC,WR,13.0,13.0,93.0,63.0,895.0,14.2,4.0,39.0,59.1,55.0,4.8,68.8,67.7,9.6,0.0,0.0,0.0,0.0,,,,0.0,0.0,63.0,14.2,895.0,4.0,0.0,
108,Jakobi Meyers,NWE,WR,,113,180.3,185.3,146.8,,32,,MeyeJa01,78.0,26.0,NWE,WR,14.0,13.0,96.0,67.0,804.0,12.0,6.0,38.0,56.3,48.0,4.8,57.4,69.8,8.4,2.0,-11.0,0.0,2.0,100.0,7.0,-5.5,-0.8,0.1,69.0,11.5,793.0,6.0,2.0,
110,Curtis Samuel,WAS,WR,,112,176.3,183.3,144.3,,34,,SamuCu00,70.0,26.0,WAS,WR,17.0,12.0,92.0,64.0,656.0,10.3,4.0,36.0,46.7,49.0,3.8,38.6,69.6,7.1,38.0,187.0,1.0,11.0,44.7,21.0,4.9,11.0,2.2,102.0,8.3,843.0,5.0,1.0,
111,Deebo Samuel,SFO,WR,,112,168.4,176.4,140.4,,33,,SamuDe00,67.0,26.0,SFO,WR,13.0,12.0,94.0,56.0,632.0,11.3,2.0,25.0,47.9,57.0,4.3,48.6,59.6,6.7,42.0,232.0,3.0,8.0,40.5,51.0,5.5,17.8,3.2,98.0,8.8,864.0,5.0,3.0,
112,Adam Thielen,MIN,WR,,110,180.0,183.0,145.0,,35,,ThieAd00,93.0,32.0,MIN,WR,17.0,17.0,107.0,70.0,716.0,10.2,6.0,45.0,49.5,36.0,4.1,42.1,65.4,6.7,1.0,4.0,0.0,0.0,100.0,4.0,4.0,0.2,0.1,71.0,10.1,720.0,6.0,0.0,
113,Tyler Boyd,CIN,WR,,109,167.1,170.1,138.1,,36,,BoydTy00,87.0,28.0,CIN,WR,16.0,14.0,82.0,58.0,762.0,13.1,5.0,42.0,62.2,60.0,3.6,47.6,70.7,9.3,0.0,0.0,0.0,0.0,,,,0.0,0.0,58.0,13.1,762.0,5.0,0.0,
114,Khalil Herbert,CHI,RB,,109,117.8,120.8,113.3,,37,,HerbKh00,79.0,24.0,CHI,RB,13.0,1.0,12.0,9.0,57.0,6.3,1.0,2.0,16.7,25.0,0.7,4.4,75.0,4.8,129.0,731.0,4.0,26.0,47.3,63.0,5.7,56.2,9.9,138.0,5.7,788.0,5.0,0.0,
116,Drake London,ATL,WR,,107,178.6,184.6,142.6,,38,,LondDr00,65.0,21.0,ATL,WR,17.0,15.0,117.0,72.0,866.0,12.0,4.0,48.0,56.4,40.0,4.2,50.9,61.5,7.4,0.0,0.0,0.0,0.0,,,,0.0,0.0,72.0,12.0,866.0,4.0,3.0,
117,JuJu Smith-Schuster,KAN,WR,,107,185.3,190.3,146.3,,37,,SmitJu00,57.0,26.0,KAN,WR,16.0,14.0,101.0,78.0,933.0,12.0,3.0,47.0,67.3,53.0,4.9,58.3,77.2,9.2,0.0,0.0,0.0,0.0,,,,0.0,0.0,78.0,12.0,933.0,3.0,3.0,
118,Donovan Peoples-Jones,CLE,WR,,106,167.1,171.1,136.6,,39,,PeopDo00,72.0,23.0,CLE,WR,17.0,14.0,96.0,61.0,839.0,13.8,3.0,33.0,50.0,42.0,3.6,49.4,63.5,8.7,1.0,2.0,0.0,0.0,0.0,2.0,2.0,0.1,0.1,62.0,13.6,841.0,3.0,1.0,
120,Samaje Perine,CIN,RB,,104,142.1,148.1,123.1,,38,,PeriSa00,105.0,27.0,CIN,RB,16.0,2.0,51.0,38.0,287.0,7.6,4.0,11.0,41.2,32.0,2.4,17.9,74.5,5.6,95.0,394.0,2.0,19.0,49.5,29.0,4.1,24.6,5.9,133.0,5.1,681.0,6.0,0.0,
121,Brian Robinson Jr.,WAS,RB,,104,112.7,115.7,108.2,,39,,RobiBr01,68.0,23.0,WAS,RB,12.0,9.0,12.0,9.0,60.0,6.7,1.0,3.0,50.0,18.0,0.8,5.0,75.0,5.0,205.0,797.0,2.0,49.0,52.7,24.0,3.9,66.4,17.1,214.0,4.0,857.0,3.0,2.0,
122,Keenan Allen,LAC,WR,,98,164.0,168.0,131.0,,40,,AlleKe00,88.0,30.0,LAC,WR,10.0,10.0,89.0,66.0,752.0,11.4,4.0,39.0,56.2,46.0,6.6,75.2,74.2,8.4,1.0,8.0,0.0,1.0,100.0,8.0,8.0,0.8,0.1,67.0,11.3,760.0,4.0,1.0,
124,Mack Hollins,LVR,WR,,97,154.2,157.2,125.7,,42,,HollMa00,91.0,29.0,LVR,WR,17.0,16.0,94.0,57.0,690.0,12.1,4.0,34.0,51.1,60.0,3.4,40.6,60.6,7.3,4.0,40.0,0.0,2.0,75.0,17.0,10.0,2.4,0.2,61.0,12.0,730.0,4.0,0.0,
125,Josh Palmer,LAC,WR,,97,169.3,172.3,133.3,,41,,PalmJo00,82.0,23.0,LAC,WR,16.0,11.0,107.0,72.0,769.0,10.7,3.0,39.0,55.1,50.0,4.5,48.1,67.3,7.2,1.0,4.0,0.0,1.0,100.0,4.0,4.0,0.3,0.1,73.0,10.6,773.0,3.0,1.0,
126,Jahan Dotson,WAS,WR,,96,130.6,133.6,113.1,,43,,DotsJa00,134.0,22.0,WAS,WR,12.0,10.0,61.0,35.0,523.0,14.9,7.0,26.0,50.8,61.0,2.9,43.6,57.4,8.6,2.0,-7.0,0.0,0.0,0.0,3.0,-3.5,-0.6,0.2,37.0,13.9,516.0,7.0,0.0,
127,Breece Hall,NYJ,RB,,96,115.1,122.1,105.6,,40,,HallBr03,104.0,21.0,NYJ,RB,7.0,2.0,31.0,19.0,218.0,11.5,1.0,8.0,35.5,79.0,2.7,31.1,61.3,7.0,80.0,463.0,4.0,20.0,50.0,62.0,5.8,66.1,11.4,99.0,6.9,681.0,5.0,1.0,
128,K.J. Osborn,MIN,WR,,96,155.6,158.6,125.6,,44,,OsboKJ00,107.0,25.0,MIN,WR,17.0,9.0,90.0,60.0,650.0,10.8,5.0,32.0,58.9,66.0,3.5,38.2,66.7,7.2,3.0,6.0,0.0,2.0,66.7,5.0,2.0,0.4,0.2,63.0,10.4,656.0,5.0,1.0,
129,Diontae Johnson,PIT,WR,,95,180.7,183.7,137.7,,46,,JohnDi01,60.0,26.0,PIT,WR,17.0,17.0,147.0,86.0,882.0,10.3,0.0,45.0,49.0,37.0,5.1,51.9,58.5,6.0,7.0,25.0,0.0,1.0,28.6,8.0,3.6,1.5,0.4,93.0,9.8,907.0,0.0,1.0,
130,Courtland Sutton,DEN,WR,,95,159.4,162.4,127.4,,45,,SuttCo00,74.0,27.0,DEN,WR,15.0,15.0,109.0,64.0,829.0,13.0,2.0,38.0,46.8,51.0,4.3,55.3,58.7,7.6,1.0,5.0,0.0,0.0,100.0,5.0,5.0,0.3,0.1,65.0,12.8,834.0,2.0,0.0,
131,Kareem Hunt,CLE,RB,,92,126.8,132.8,109.3,,41,,HuntKa00,106.0,27.0,CLE,RB,17.0,0.0,44.0,35.0,210.0,6.0,1.0,11.0,38.6,24.0,2.1,12.4,79.5,4.8,123.0,468.0,3.0,30.0,48.0,24.0,3.8,27.5,7.2,158.0,4.3,678.0,4.0,1.0,
132,Marquise Brown,ARI,WR,,89,156.0,159.0,122.5,,47,,BrowMa04,95.0,25.0,ARI,WR,12.0,10.0,107.0,67.0,709.0,10.6,3.0,33.0,44.9,47.0,5.6,59.1,62.6,6.6,1.0,1.0,0.0,0.0,0.0,1.0,1.0,0.1,0.1,68.0,10.4,710.0,3.0,1.0,
133,Brandin Cooks,HOU,WR,,89,145.6,148.6,117.1,,48,,CookBr00,97.0,29.0,HOU,WR,13.0,13.0,93.0,57.0,699.0,12.3,3.0,29.0,47.3,44.0,4.4,53.8,61.3,7.5,2.0,7.0,0.0,0.0,50.0,5.0,3.5,0.5,0.2,59.0,12.0,706.0,3.0,0.0,
134,Rachaad White,TAM,RB,,89,139.1,148.1,114.1,,42,,WhitRa01,83.0,23.0,TAM,RB,17.0,8.0,58.0,50.0,290.0,5.8,2.0,13.0,53.4,20.0,2.9,17.1,86.2,5.0,129.0,481.0,1.0,27.0,49.6,35.0,3.7,28.3,7.6,179.0,4.3,771.0,3.0,3.0,
135,DeAndre Hopkins,ARI,WR,,88,151.7,155.7,119.7,,49,,HopkDe00,94.0,30.0,ARI,WR,9.0,9.0,96.0,64.0,717.0,11.2,3.0,35.0,54.2,33.0,7.1,79.7,66.7,7.5,0.0,0.0,0.0,0.0,,,,0.0,0.0,64.0,11.2,717.0,3.0,2.0,
136,Kenyan Drake,BAL,RB,,87,104.1,107.1,95.6,,43,,DrakKe00,117.0,28.0,BAL,RB,12.0,5.0,26.0,17.0,89.0,5.2,1.0,7.0,34.6,15.0,1.4,7.4,65.4,3.4,109.0,482.0,4.0,21.0,45.0,40.0,4.4,40.2,9.1,126.0,4.5,571.0,5.0,1.0,
137,Parris Campbell,IND,WR,,86,149.1,152.1,117.6,,50,,CampPa00,103.0,25.0,IND,WR,17.0,16.0,91.0,63.0,623.0,9.9,3.0,32.0,54.9,49.0,3.7,36.6,69.2,6.8,5.0,58.0,0.0,2.0,40.0,28.0,11.6,3.4,0.3,68.0,10.0,681.0,3.0,1.0,
139,Dalton Schultz,DAL,TE,,86,142.7,146.7,114.2,,11,,SchuDa00,115.0,26.0,DAL,TE,15.0,15.0,89.0,57.0,577.0,10.1,5.0,27.0,55.1,30.0,3.8,38.5,64.0,6.5,0.0,0.0,0.0,0.0,,,,0.0,0.0,57.0,10.1,577.0,5.0,1.0,
141,Michael Carter,NYJ,RB,,85,126.0,133.0,105.5,,44,,CartMi03,100.0,23.0,NYJ,RB,16.0,10.0,54.0,41.0,288.0,7.0,0.0,12.0,46.3,37.0,2.6,18.0,75.9,5.3,114.0,402.0,3.0,14.0,42.1,25.0,3.5,25.1,7.1,155.0,4.5,690.0,3.0,2.0,
142,James Cook,BUF,RB,,85,105.7,112.7,95.2,,45,,CookJa01,101.0,23.0,BUF,RB,16.0,0.0,32.0,21.0,180.0,8.6,1.0,5.0,46.9,41.0,1.3,11.3,65.6,5.6,89.0,507.0,2.0,25.0,50.6,33.0,5.7,31.7,5.6,110.0,6.2,687.0,3.0,1.0,
143,Pat Freiermuth,PIT,TE,,85,148.2,151.2,116.7,,12,,FreiPa00,90.0,24.0,PIT,TE,16.0,8.0,98.0,63.0,732.0,11.6,2.0,37.0,53.1,57.0,3.9,45.8,64.3,7.5,0.0,0.0,0.0,0.0,,,,0.0,0.0,63.0,11.6,732.0,2.0,0.0,
144,David Njoku,CLE,TE,,84,142.0,146.0,113.0,,13,,NjokDa00,112.0,26.0,CLE,TE,14.0,14.0,80.0,58.0,628.0,10.8,4.0,36.0,61.3,38.0,4.1,44.9,72.5,7.9,2.0,-8.0,0.0,0.0,0.0,-2.0,-4.0,-0.6,0.1,60.0,10.3,620.0,4.0,1.0,
145,Gerald Everett,LAC,TE,,82,139.5,142.5,110.5,,14,,EverGe00,122.0,28.0,LAC,TE,16.0,11.0,87.0,58.0,555.0,9.6,4.0,29.0,48.3,26.0,3.6,34.7,66.7,6.4,1.0,0.0,0.0,0.0,0.0,,0.0,0.0,0.1,59.0,9.4,555.0,4.0,0.0,
146,Darius Slayton,NYG,WR,,82,128.4,132.4,105.4,,51,,SlayDa01,92.0,25.0,NYG,WR,16.0,11.0,71.0,46.0,724.0,15.7,2.0,30.0,57.7,55.0,2.9,45.3,64.8,10.2,0.0,0.0,0.0,0.0,,,,0.0,0.0,46.0,15.7,724.0,2.0,2.0,
147,Clyde Edwards-Helaire,KAN,RB,,81,98.3,104.3,89.8,,46,,EdwaCl00,155.0,23.0,KAN,RB,10.0,6.0,23.0,17.0,151.0,8.9,3.0,11.0,60.9,25.0,1.7,15.1,73.9,6.6,71.0,302.0,3.0,15.0,49.3,52.0,4.3,30.2,7.1,88.0,5.1,453.0,6.0,0.0,
148,Jordan Akins,HOU,TE,,80,116.5,120.5,98.0,,16,,AkinJo00,141.0,30.0,HOU,TE,15.0,3.0,54.0,37.0,495.0,13.4,5.0,23.0,53.7,46.0,2.5,33.0,68.5,9.2,0.0,0.0,0.0,0.0,,,,0.0,0.0,37.0,13.4,495.0,5.0,1.0,
149,Tyler Higbee,LAR,TE,,80,152.0,155.0,116.0,,15,,HigbTy00,111.0,29.0,LAR,TE,17.0,17.0,108.0,72.0,620.0,8.6,3.0,32.0,51.9,26.0,4.2,36.5,66.7,5.7,0.0,0.0,0.0,0.0,,,,0.0,0.0,72.0,8.6,620.0,3.0,0.0,
150,Marquez Valdes-Scantling,KAN,WR,,80,122.4,125.4,101.4,,52,,ValdMa00,102.0,28.0,KAN,WR,17.0,11.0,81.0,42.0,687.0,16.4,2.0,32.0,48.1,57.0,2.5,40.4,51.9,8.5,1.0,-3.0,0.0,0.0,0.0,-3.0,-3.0,-0.2,0.1,43.0,15.9,684.0,2.0,0.0,
151,Devin Duvernay,BAL,WR,,79,116.1,119.1,97.6,,53,,DuveDe00,145.0,25.0,BAL,WR,14.0,13.0,49.0,37.0,407.0,11.0,3.0,19.0,59.2,31.0,2.6,29.1,75.5,8.3,12.0,84.0,1.0,7.0,66.7,18.0,7.0,6.0,0.9,49.0,10.0,491.0,4.0,1.0,PB
152,Isaiah McKenzie,BUF,WR,,78,119.8,122.8,98.8,,54,,McKeIs00,150.0,27.0,BUF,WR,15.0,8.0,65.0,42.0,423.0,10.1,4.0,27.0,58.5,30.0,2.8,28.2,64.6,6.5,9.0,55.0,1.0,3.0,66.7,18.0,6.1,3.7,0.6,51.0,9.4,478.0,5.0,0.0,
154,Richie James,NYG,WR,,76,132.5,138.5,104.0,,55,,JameRi00,116.0,27.0,NYG,WR,17.0,4.0,70.0,57.0,569.0,10.0,4.0,29.0,61.4,33.0,3.4,33.5,81.4,8.1,2.0,6.0,0.0,0.0,50.0,4.0,3.0,0.4,0.1,59.0,9.7,575.0,4.0,3.0,
155,Tyler Conklin,NYJ,TE,,74,131.5,134.5,102.5,,17,,ConkTy00,121.0,27.0,NYJ,TE,17.0,16.0,87.0,58.0,552.0,9.5,3.0,25.0,44.8,30.0,3.4,32.5,66.7,6.3,2.0,3.0,0.0,2.0,100.0,2.0,1.5,0.2,0.1,60.0,9.3,555.0,3.0,2.0,
156,J.K. Dobbins,BAL,RB,,74,81.2,84.2,77.7,,48,,DobbJK00,118.0,24.0,BAL,RB,8.0,8.0,8.0,7.0,42.0,6.0,1.0,3.0,62.5,20.0,0.9,5.3,87.5,5.3,92.0,520.0,2.0,26.0,57.6,44.0,5.7,65.0,11.5,99.0,5.7,562.0,3.0,0.0,
157,Damien Harris,NWE,RB,,74,90.9,93.9,82.4,,49,,HarrDa06,119.0,25.0,NWE,RB,11.0,9.0,23.0,17.0,97.0,5.7,0.0,4.0,43.5,15.0,1.5,8.8,73.9,4.2,106.0,462.0,3.0,23.0,50.0,30.0,4.4,42.0,9.6,123.0,4.5,559.0,3.0,0.0,
158,Chuba Hubbard,CAR,RB,,74,87.7,94.7,80.7,,50,,HubbCh01,110.0,23.0,CAR,RB,15.0,2.0,17.0,14.0,171.0,12.2,0.0,5.0,47.1,45.0,0.9,11.4,82.4,10.1,95.0,466.0,2.0,23.0,45.3,35.0,4.9,31.1,6.3,109.0,5.8,637.0,2.0,2.0,
160,Noah Fant,SEA,TE,,73,122.6,125.6,97.6,,18,,FantNo00,147.0,25.0,SEA,TE,17.0,16.0,63.0,50.0,486.0,9.7,4.0,24.0,54.0,51.0,2.9,28.6,79.4,7.7,0.0,0.0,0.0,0.0,,,,0.0,0.0,50.0,9.7,486.0,4.0,0.0,
161,Russell Gage,TAM,WR,,73,123.6,127.6,98.1,,56,,GageRu00,163.0,26.0,TAM,WR,13.0,4.0,70.0,51.0,426.0,8.4,5.0,31.0,62.9,23.0,3.9,32.8,72.9,6.1,0.0,0.0,0.0,0.0,,,,0.0,0.0,51.0,8.4,426.0,5.0,1.0,
162,Alexander Mattison,MIN,RB,,73,88.4,91.4,80.9,,51,,MattAl01,186.0,24.0,MIN,RB,17.0,0.0,18.0,15.0,91.0,6.1,1.0,4.0,33.3,16.0,0.9,5.4,83.3,5.1,74.0,283.0,5.0,21.0,47.3,15.0,3.8,16.6,4.4,89.0,4.2,374.0,6.0,0.0,
163,Rashid Shaheed,NOR,WR,,73,100.5,103.5,86.5,,57,,ShahRa00,125.0,24.0,NOR,WR,12.0,6.0,34.0,28.0,488.0,17.4,2.0,18.0,70.6,68.0,2.3,40.7,82.4,14.4,4.0,57.0,1.0,2.0,75.0,44.0,14.3,4.8,0.3,32.0,17.0,545.0,3.0,1.0,
164,Noah Brown,DAL,WR,,72,114.5,118.5,93.0,,59,,BrowNo00,120.0,26.0,DAL,WR,16.0,13.0,74.0,43.0,555.0,12.9,3.0,25.0,48.6,51.0,2.7,34.7,58.1,7.5,0.0,0.0,0.0,0.0,,,,0.0,0.0,43.0,12.9,555.0,3.0,1.0,
165,DeVante Parker,NWE,WR,,72,102.9,105.9,87.4,,58,,ParkDe01,128.0,29.0,NWE,WR,13.0,11.0,47.0,31.0,539.0,17.4,3.0,25.0,59.6,43.0,2.4,41.5,66.0,11.5,0.0,0.0,0.0,0.0,,,,0.0,0.0,31.0,17.4,539.0,3.0,0.0,
166,Marvin Jones,JAX,WR,,71,116.9,119.9,93.9,,61,,JoneMa02,130.0,32.0,JAX,WR,16.0,10.0,81.0,46.0,529.0,11.5,3.0,29.0,51.9,37.0,2.9,33.1,56.8,6.5,0.0,0.0,0.0,0.0,,,,0.0,0.0,46.0,11.5,529.0,3.0,0.0,
167,Alec Pierce,IND,WR,,71,112.3,115.3,91.8,,60,,PierAl00,113.0,22.0,IND,WR,16.0,12.0,78.0,41.0,593.0,14.5,2.0,28.0,46.2,47.0,2.6,37.1,52.6,7.6,0.0,0.0,0.0,0.0,,,,0.0,0.0,41.0,14.5,593.0,2.0,1.0,
168,Olamide Zaccheaus,ATL,WR,,70,110.0,114.0,90.0,,62,,ZaccOl01,127.0,25.0,ATL,WR,17.0,13.0,61.0,40.0,533.0,13.3,3.0,25.0,52.5,45.0,2.4,31.4,65.6,8.7,2.0,7.0,0.0,1.0,50.0,13.0,3.5,0.4,0.1,42.0,12.9,540.0,3.0,1.0,
169,Zach Ertz,ARI,TE,,69,115.6,118.6,92.1,,19,,ErtzZa00,174.0,32.0,ARI,TE,10.0,10.0,69.0,47.0,406.0,8.6,4.0,24.0,55.1,32.0,4.7,40.6,68.1,5.9,0.0,0.0,0.0,0.0,,,,0.0,0.0,47.0,8.6,406.0,4.0,0.0,
170,Mecole Hardman,KAN,WR,,69,93.8,96.8,81.3,,64,,HardMe00,204.0,24.0,KAN,WR,8.0,5.0,34.0,25.0,297.0,11.9,4.0,14.0,61.8,36.0,3.1,37.1,73.5,8.7,4.0,31.0,2.0,3.0,75.0,25.0,7.8,3.9,0.5,29.0,11.3,328.0,6.0,1.0,
171,Kalif Raymond,DET,WR,,69,116.2,120.2,92.7,,63,,RaymKa00,109.0,28.0,DET,WR,17.0,7.0,64.0,47.0,616.0,13.1,0.0,24.0,56.3,56.0,2.8,36.2,73.4,9.6,7.0,36.0,0.0,4.0,71.4,12.0,5.1,2.1,0.4,54.0,12.1,652.0,0.0,3.0,AP-2
172,DJ Chark,DET,WR,,68,98.2,101.2,83.2,,65,,CharDJ00,140.0,26.0,DET,WR,11.0,10.0,52.0,30.0,502.0,16.7,3.0,24.0,51.9,51.0,2.7,45.6,57.7,9.7,0.0,0.0,0.0,0.0,,,,0.0,0.0,30.0,16.7,502.0,3.0,0.0,
173,Chris Moore,HOU,WR,,67,115.1,118.1,91.1,,66,,MoorCh00,124.0,29.0,HOU,WR,16.0,7.0,74.0,48.0,548.0,11.4,2.0,24.0,47.3,52.0,3.0,34.3,64.9,7.4,3.0,3.0,0.0,0.0,0.0,3.0,1.0,0.2,0.2,51.0,10.8,551.0,2.0,0.0,
174,DeAndre Carter,LAC,WR,,66,112.3,117.3,89.3,,68,,CartDe02,132.0,29.0,LAC,WR,17.0,7.0,65.0,46.0,538.0,11.7,3.0,29.0,53.8,35.0,2.7,31.6,70.8,8.3,2.0,-15.0,0.0,0.0,0.0,-5.0,-7.5,-0.9,0.1,48.0,10.9,523.0,3.0,3.0,
175,Corey Davis,NYJ,WR,,66,97.6,100.6,81.6,,70,,DaviCo03,129.0,27.0,NYJ,WR,13.0,10.0,64.0,32.0,536.0,16.8,2.0,28.0,48.4,66.0,2.5,41.2,50.0,8.4,0.0,0.0,0.0,0.0,,,,0.0,0.0,32.0,16.8,536.0,2.0,0.0,
176,Michael Gallup,DAL,WR,,66,105.4,108.4,85.9,,67,,GallMi00,164.0,26.0,DAL,WR,14.0,11.0,74.0,39.0,424.0,10.9,4.0,25.0,44.6,27.0,2.8,30.3,52.7,5.7,0.0,0.0,0.0,0.0,,,,0.0,0.0,39.0,10.9,424.0,4.0,0.0,
177,Mike Gesicki,MIA,TE,,66,98.2,101.2,82.2,,20,,GesiMi00,193.0,27.0,MIA,TE,17.0,1.0,52.0,32.0,362.0,11.3,5.0,19.0,48.1,32.0,1.9,21.3,61.5,7.0,0.0,0.0,0.0,0.0,,,,0.0,0.0,32.0,11.3,362.0,5.0,0.0,
178,Josh Reynolds,DET,WR,,66,103.9,106.9,84.9,,69,,ReynJo00,149.0,27.0,DET,WR,14.0,11.0,59.0,38.0,479.0,12.6,3.0,25.0,61.0,31.0,2.7,34.2,64.4,8.1,0.0,0.0,0.0,0.0,,,,0.0,0.0,38.0,12.6,479.0,3.0,0.0,
180,Kenneth Gainwell,PHI,RB,,65,87.9,93.9,76.4,,53,,GainKe00,172.0,23.0,PHI,RB,17.0,0.0,29.0,23.0,169.0,7.3,0.0,7.0,41.4,20.0,1.4,9.9,79.3,5.8,53.0,240.0,4.0,17.0,62.3,13.0,4.5,14.1,3.1,76.0,5.4,409.0,4.0,0.0,
181,Chigoziem Okonkwo,TEN,TE,,65,97.2,100.2,81.2,,21,,OkonCh00,156.0,23.0,TEN,TE,17.0,8.0,46.0,32.0,450.0,14.1,3.0,22.0,50.0,48.0,1.9,26.5,69.6,9.8,3.0,2.0,0.0,0.0,0.0,6.0,0.7,0.1,0.2,35.0,12.9,452.0,3.0,0.0,
182,Jaylen Warren,PIT,RB,,65,93.3,99.3,79.3,,52,,WarrJa01,114.0,24.0,PIT,RB,16.0,0.0,33.0,28.0,214.0,7.6,0.0,14.0,51.5,26.0,1.8,13.4,84.8,6.5,77.0,379.0,1.0,20.0,53.2,31.0,4.9,23.7,4.8,105.0,5.6,593.0,1.0,1.0,
183,Marquise Goodwin,SEA,WR,,63,90.2,93.2,76.7,,71,,GoodMa00,179.0,32.0,SEA,WR,13.0,2.0,42.0,27.0,387.0,14.3,4.0,18.0,54.8,38.0,2.1,29.8,64.3,9.2,2.0,5.0,0.0,0.0,50.0,7.0,2.5,0.4,0.2,29.0,13.5,392.0,4.0,0.0,
184,Hunter Henry,NWE,TE,,63,103.9,106.9,83.4,,22,,HenrHu00,137.0,28.0,NWE,TE,17.0,14.0,59.0,41.0,509.0,12.4,2.0,23.0,50.8,39.0,2.4,29.9,69.5,8.6,0.0,0.0,0.0,0.0,,,,0.0,0.0,41.0,12.4,509.0,2.0,0.0,
186,Robert Woods,TEN,WR,,63,115.7,119.7,89.2,,73,,WoodRo02,131.0,30.0,TEN,WR,17.0,15.0,91.0,53.0,527.0,9.9,2.0,31.0,50.5,41.0,3.1,31.0,58.2,5.8,0.0,0.0,0.0,0.0,,,,0.0,0.0,53.0,9.9,527.0,2.0,1.0,
187,Melvin Gordon,DEN,RB,,62,87.1,95.1,74.6,,55,,GordMe00,126.0,29.0,DEN,RB,10.0,6.0,32.0,25.0,223.0,8.9,0.0,11.0,46.9,24.0,2.5,22.3,78.1,7.0,90.0,318.0,2.0,15.0,50.0,17.0,3.5,31.8,9.0,115.0,4.7,541.0,2.0,5.0,
188,Darnell Mooney,CHI,WR,,62,101.5,104.5,81.5,,74,,MoonDa00,142.0,25.0,CHI,WR,12.0,12.0,61.0,40.0,493.0,12.3,2.0,20.0,45.9,56.0,3.3,41.1,65.6,8.1,1.0,2.0,0.0,0.0,0.0,2.0,2.0,0.2,0.1,41.0,12.1,495.0,2.0,0.0,
189,Treylon Burks,TEN,WR,,61,94.1,97.1,77.6,,75,,BurkTr00,144.0,22.0,TEN,WR,11.0,6.0,54.0,33.0,444.0,13.5,1.0,19.0,50.0,51.0,3.0,40.4,61.1,8.2,4.0,47.0,0.0,3.0,100.0,20.0,11.8,4.3,0.4,37.0,13.3,491.0,1.0,0.0,
190,Greg Dortch,ARI,WR,,61,113.1,117.1,87.1,,76,,DortGr01,135.0,24.0,ARI,WR,16.0,4.0,64.0,52.0,467.0,9.0,2.0,19.0,46.9,47.0,3.3,29.2,81.3,7.3,7.0,44.0,0.0,3.0,71.4,20.0,6.3,2.8,0.4,59.0,8.7,511.0,2.0,1.0,
191,Nico Collins,HOU,WR,,60,97.1,100.1,78.6,,77,,CollNi00,148.0,23.0,HOU,WR,10.0,7.0,66.0,37.0,481.0,13.0,2.0,21.0,42.4,58.0,3.7,48.1,56.1,7.3,0.0,0.0,0.0,0.0,,,,0.0,0.0,37.0,13.0,481.0,2.0,0.0,
192,Romeo Doubs,GNB,WR,,60,101.6,105.6,80.6,,78,,DoubRo00,161.0,22.0,GNB,WR,13.0,7.0,67.0,42.0,425.0,10.1,3.0,20.0,46.3,26.0,3.2,32.7,62.7,6.3,1.0,11.0,0.0,1.0,100.0,11.0,11.0,0.8,0.1,43.0,10.1,436.0,3.0,2.0,
194,Gus Edwards,BAL,RB,,59,59.3,63.3,59.3,,56,,EdwaGu00,162.0,27.0,BAL,RB,9.0,4.0,2.0,0.0,0.0,,0.0,0.0,0.0,,0.0,0.0,0.0,0.0,87.0,433.0,3.0,30.0,59.8,37.0,5.0,48.1,9.7,87.0,5.0,433.0,3.0,1.0,
195,Robert Tonyan,GNB,TE,,59,112.0,115.0,85.5,,23,,TonyRo00,153.0,28.0,GNB,TE,17.0,3.0,67.0,53.0,470.0,8.9,2.0,20.0,53.7,24.0,3.1,27.6,79.1,7.0,0.0,0.0,0.0,0.0,,,,0.0,0.0,53.0,8.9,470.0,2.0,0.0,
197,Nick Westbrook-Ikhine,TEN,WR,,58,82.7,85.7,70.2,,80,,WestNi00,177.0,25.0,TEN,WR,17.0,13.0,50.0,25.0,397.0,15.9,3.0,18.0,40.0,63.0,1.5,23.4,50.0,7.9,0.0,0.0,0.0,0.0,,,,0.0,0.0,25.0,15.9,397.0,3.0,0.0,
198,Darrell Henderson,LAR,RB,,57,73.5,79.5,65.0,,58,,HendDa00,184.0,25.0,LAR,RB,10.0,7.0,22.0,17.0,102.0,6.0,0.0,5.0,50.0,15.0,1.7,10.2,77.3,4.6,70.0,283.0,3.0,14.0,42.9,23.0,4.0,28.3,7.0,87.0,4.4,385.0,3.0,0.0,
200,Darren Waller,LVR,TE,,57,84.8,87.8,70.8,,24,,WallDa01,183.0,30.0,LVR,TE,9.0,6.0,43.0,28.0,388.0,13.9,3.0,18.0,46.5,34.0,3.1,43.1,65.1,9.0,0.0,0.0,0.0,0.0,,,,0.0,0.0,28.0,13.9,388.0,3.0,0.0,
202,Dontrell Hilliard,TEN,RB,,56,77.2,83.2,66.7,,59,,HillDo00,208.0,27.0,TEN,RB,12.0,1.0,26.0,21.0,177.0,8.4,4.0,8.0,38.5,31.0,1.8,14.8,80.8,6.8,22.0,145.0,0.0,4.0,45.5,30.0,6.6,12.1,1.8,43.0,7.5,322.0,4.0,0.0,
203,Austin Hooper,TEN,TE,,56,97.4,100.4,76.9,,25,,HoopAu00,159.0,28.0,TEN,TE,17.0,2.0,60.0,41.0,444.0,10.8,2.0,28.0,60.0,24.0,2.4,26.1,68.3,7.4,0.0,0.0,0.0,0.0,,,,0.0,0.0,41.0,10.8,444.0,2.0,0.0,
204,Demarcus Robinson,BAL,WR,,56,103.8,107.8,79.8,,81,,RobiDe01,154.0,28.0,BAL,WR,17.0,5.0,75.0,48.0,458.0,9.5,2.0,23.0,46.7,31.0,2.8,26.9,64.0,6.1,0.0,0.0,0.0,0.0,,,,0.0,0.0,48.0,9.5,458.0,2.0,2.0,
205,Deon Jackson,IND,RB,,55,84.5,91.5,69.5,,60,,JackDe02,158.0,23.0,IND,RB,16.0,2.0,34.0,30.0,209.0,7.0,1.0,10.0,47.1,27.0,1.9,13.1,88.2,6.1,68.0,236.0,1.0,13.0,38.2,17.0,3.5,14.8,4.3,98.0,4.5,445.0,2.0,1.0,
206,Van Jefferson,LAR,WR,,55,78.9,81.9,66.9,,83,,JeffVa00,189.0,26.0,LAR,WR,11.0,9.0,44.0,24.0,369.0,15.4,3.0,20.0,50.0,39.0,2.2,33.5,54.5,8.4,0.0,0.0,0.0,0.0,,,,0.0,0.0,24.0,15.4,369.0,3.0,0.0,
207,Isaiah Likely,BAL,TE,,55,91.3,94.3,73.3,,26,,LikeIs00,187.0,22.0,BAL,TE,16.0,2.0,60.0,36.0,373.0,10.4,3.0,18.0,35.0,34.0,2.3,23.3,60.0,6.2,0.0,0.0,0.0,0.0,,,,0.0,0.0,36.0,10.4,373.0,3.0,0.0,
208,Terrace Marshall Jr.,CAR,WR,,55,83.0,86.0,69.0,,82,,MarsTe00,146.0,22.0,CAR,WR,14.0,9.0,47.0,28.0,490.0,17.5,1.0,24.0,53.2,43.0,2.0,35.0,59.6,10.4,0.0,0.0,0.0,0.0,,,,0.0,0.0,28.0,17.5,490.0,1.0,2.0,
